customer_id,city,state,zip,email,monthly_usage_kwh,monthly_bill,service_type,status,ip_address,monthly_bill_clean,phone,name,address,language,company,account_open_date,last_payment_date,browser
87,"South Leon",MD,Unknown,tayloradam@yahoo.com,1460.4,"309.29 USD",Gas,Active,195.77.181.31,309.29,700-293-9361,"kathleen jensen","657 jordan view apt. 459",en-US,navarro-chen,2019-08-29,2023-04-29,safari
56,Haysside,KS,92306,epollard@white.info,964.4,$84.91,Water,Active,44.59.9.229,84.91,349-462-4232,"joshua li","3030 mahoney passage",es-ES,unknown,2020-03-15,2024-10-23,chrome
68,Stewartstad,WY,99051,erica49@yahoo.com,510.2,$34.96,Water,Active,211.230.100.133,34.96,645-481-1939,"mrs. jamie frye dds","48434 bush spurs",en-US,unknown,2016-10-17,2023-10-20,ie
300,"South Anthonytown",ID,44571,ohorton@davidson.biz,1539.2,$156,Electric,Active,200.225.220.137,156.00,965-569-8046,"miguel stafford","0900 wang gateway suite 331",fr-FR,unknown,2020-10-18,2025-06-11,chrome
109,"East Sandrachester",VA,98094,jamesmorales@mccoy.com,777.9,151.31,Electric,Active,152.126.163.158,151.31,397-374-4799,"antonio norman","13721 martinez mountain",en-US,unknown,2016-07-02,2023-08-30,safari
57,Morrisonburgh,LA,15376,"david56 at yahoo.com",928.5,$235.59,Gas,Delinquent,155.69.124.91,235.59,278-860-2479,"scott williams","5277 glass path suite 161",en-GB,garcia-murphy,2020-01-17,2024-10-20,chrome
160,"Port Joseph",ID,54742,john16@goodman.com,1798.9,$321.9,Gas,Active,27.100.147.133,321.90,684-933-6952,"jennifer gomez","5394 stacey springs apt. 733",fr-FR,unknown,2018-12-25,2025-12-05,chrome
176,Mahoneymouth,MD,Unknown,mirandabarbara@hotmail.com,1154.4,211.87,Water,Active,155.142.193.65,211.87,964-805-0705,"theresa hansen","612 andrea parkways suite 289",es-ES,unknown,2017-09-05,2025-11-18,chrome
258,Gutierrezmouth,VA,45349,sarahrose@warren.info,597.2,$317.65,Electric,Inactive,193.181.254.139,317.65,665-382-7346,"jose mcpherson","24386 carroll plaza apt. 081",es-ES,unknown,2017-04-08,2023-09-18,safari
93,"New Keith",NH,12009,jamescruz@hotmail.com,1422.3," $413.21",Gas,Delinquent,203.63.179.54,413.21,941-887-4555,"sharon crane","7677 christopher burgs apt. 404",es-ES,unknown,2017-05-17,2023-08-29,safari
298,"South Benjamin",DE,22488,nmartin@hotmail.com,1821,$420,Water,Delinquent,197.78.246.4,420.00,909-607-4476,"kathy chan","0176 reese walks",es-ES,unknown,2021-03-31,2023-04-17,ie
165,Nelsonmouth,MN,60014,kwelch@yahoo.com,446,"25.58 USD",Gas,Inactive,207.154.48.240,25.58,598-443-9370,"brianna jackson","25355 page rapids",es-ES,unknown,2019-05-07,2024-10-02,chrome
268,Evanstown,MA,62642,katherine20@gmail.com,1235.9,$59.77,Electric,Active,202.119.185.153,59.77,905-315-8847,"kimberly lewis","46810 green parkways suite 101",es-ES,"trujillo plc",2021-12-04,2025-07-02,safari
281,Patelmouth,MO,29316,erin70@davidson-hahn.com,1275.3,230.42,Electric,Active,96.51.246.51,230.42,661-091-4579,"monica hill","6418 simpson path apt. 304",en-US,unknown,2020-02-06,2023-09-08,safari
290,"Port Neil",CO,Unknown,zadams@hotmail.com,1798.7,$407,Water,Active,183.93.157.95,407.00,380-859-1691,"kelly webb","33736 kevin lane",es-ES,"walton llc",2015-12-10,2024-09-02,safari
220,"South Tylerland",WV,67577,markriley@shah.biz,839.5,$402,Electric,Active,58.6.7.214,402.00,476-622-4646,"nicholas fitzgerald","78068 mendoza union",es-ES,unknown,2021-12-02,2024-10-27,chrome
294,Christopherville,OH,88920,nbaird@yahoo.com,1278.8,347.65,Water,Active,95.69.112.212,347.65,934-632-2644,"amanda taylor","637 mark mission",es-ES,unknown,2021-02-21,2025-07-17,chrome
78,"West Deborah",MN,86507,oallen@mathews-thomas.info,1176.4," $435.84",Water,Active,44.48.217.213,435.84,560-991-2042,"jennifer evans","668 paul glens",es-ES,unknown,2018-06-14,2025-08-29,ie
224,"Port Stacey",MA,43175,tylergolden@crane.net,513.9,$281,Water,Active,186.113.26.37,281.00,577-264-8626,"angela martin","5670 lopez brooks",en-US,unknown,2020-02-22,2025-10-18,edge
19,Ramseymouth,DC,32241,wwoods@molina-castaneda.biz,1362,60.16,Electric,Inactive,221.183.50.32,60.16,676-652-8244,"ross price","3467 paul skyway",en-GB,"ferguson, meadows and vargas",2022-05-22,2024-08-04,chrome
207,Wellsberg,NE,34832,maykarla@gmail.com,748," $340.83",Gas,Active,111.46.94.137,340.83,511-279-4537,"carol  lane","76747 noah squares",en-GB,unknown,2017-03-02,2024-01-02,chrome
12,"South David",MN,97782,bradley52@hotmail.com,941.6,"76.28 USD",Electric,Active,5.174.60.155,76.28,834-283-7868,"sarah davis","78680 charles spurs apt. 805",en-US,unknown,2018-07-10,2024-06-27,ie
119,Harrisberg,PA,27299,shawrachel@hotmail.com,82.5,$347.97,Electric,Active,89.110.67.165,347.97,446-711-2163,"cynthia evans","72233 brad common",fr-FR,flores-acosta,2019-05-04,2025-01-18,chrome
120,Penashire,NJ,77017,jrodriguez@knight.com,654.8,$272.17,Gas,Active,89.202.83.79,272.17,278-777-1674,"shannon stone","148 humphrey greens",en-GB,unknown,2017-04-12,2024-10-31,chrome
143,"West Willie",GA,77698,flemingmanuel@cruz.com,836.6," $48.22",Water,Inactive,195.178.99.246,48.22,230-179-4412,"gregory allen","588 tucker hill",en-GB,"ferguson, sims and clark",2019-03-12,2025-11-21,safari
50,"Lake Jacqueline",TX,21188,christopher25@ponce-hale.biz,1915.4," $259.24",Water,Active,102.184.150.215,259.24,881-461-7132,"nathaniel douglas","148 schneider isle",es-ES,"davis, santiago and romero",2019-11-04,2025-02-02,firefox
181,"South Brady",IN,90576,adamsrussell@glass.biz,1808.9,60.07,Water,Inactive,41.251.194.146,60.07,407-735-9263,"yolanda  warren","3559 kayla extension suite 979",es-ES,unknown,2021-09-22,2025-12-24,safari
252,Turnerfurt,MN,37745,davisbrian@yahoo.com,1484.1,$417.67,Gas,Active,12.84.57.86,417.67,660-216-1606,"michelle  erickson","5990 jon river",en-US,unknown,2022-05-02,2023-11-02,ie
129,"East Jessica",NY,60165,mluna@hotmail.com,586.2,112.33,Gas,Inactive,195.128.50.113,112.33,128-037-7032,"rodney evans","2575 frederick valleys suite 033",en-US,"martinez ltd",2022-08-30,2023-12-20,ie
13,"South Monicafort",ID,95717,sarayoung@gmail.com,565.7,423.74,Electric,Active,76.92.61.13,423.74,450-578-5669,"mary gomez","0256 joseph turnpike",en-US,bailey-hoover,2020-12-06,2024-09-05,firefox
238,Amyside,AK,99071,stantonpatrick@hotmail.com,1973.5," $270.57",Gas,Inactive,8.121.254.74,270.57,791-657-4205,"oscar greer","49911 sparks flats suite 778",es-ES,unknown,2018-06-01,2024-12-06,chrome
27,"East Laurashire",LA,21359,mcdanielsandra@hotmail.com,706,$265,Gas,Inactive,216.182.61.164,265.00,993-695-8616,"david mann","1832 serrano cliffs",es-ES,martinez-barker,2018-02-16,2024-05-14,safari
225,"Lake Amanda",HI,Unknown,ashley42@yahoo.com,1987.8,$41,Electric,Active,202.78.149.143,41.00,412-250-4028,"mr.  joseph  kelley","5402 mitchell expressway",es-ES,unknown,2015-05-13,2024-11-09,chrome
29,"Lake Mollymouth",AR,Unknown,marksteele@bates-morales.net,589.2,$102,Water,Delinquent,63.231.79.153,102.00,560-919-8434,"jason morris","1545 tara lodge",en-US,unknown,2017-02-27,2023-09-02,firefox
190,Youngshire,NJ,85303,uparker@roberts-white.com,300.1," $191.09",Water,Inactive,133.20.248.95,191.09,982-754-1692,"charles  hammond","94077 stephens avenue",en-US,unknown,2018-01-30,2024-01-10,ie
102,Willisland,UT,73469,courtney86@yahoo.com,1207.9,$330,Electric,Active,91.206.148.69,330.00,(47-5)5-0853,"andrew brown","88924 kyle pass apt. 285",fr-FR,blair-mathis,2015-11-12,2024-05-30,chrome
229,Hansenmouth,AK,80381,angelapage@gmail.com,1151.6,"379.1 USD",Water,Active,83.53.249.189,379.10,888-690-8774,"jason rocha","64870 davenport hollow",en-US,unknown,2018-10-04,2025-04-27,safari
71,Ashleyborough,RI,72739,evanscarrie@mitchell-hays.net,1302.6,"73.89 USD",Gas,Active,197.181.247.215,73.89,923-934-0792,"tonya howe","87431 martin mount suite 205",en-US,unknown,2020-11-23,2025-04-18,safari
218,"South Brendaton",NE,79856,jonesjoe@yahoo.com,1766.3,"332.64 USD",Gas,Delinquent,93.30.146.10,332.64,338-640-3378,"casey floyd","3531 perez freeway suite 363",es-ES,unknown,2016-04-29,2024-10-12,chrome
299,"North Emily",TX,Unknown,jenniferkim@hoover-skinner.com,307.2,$420,Gas,Active,150.234.229.179,420.00,604-887-7076,"julie  murray","124 amanda lock",en-US,unknown,2017-01-04,2023-12-14,firefox
191,Cherylshire,OH,23205,brandonhernandez@hotmail.com,575.3,255.88,Water,Active,209.37.154.6,255.88,915-730-8537,"adriana khan","20994 knapp causeway apt. 622",en-GB,"burch ltd",2018-08-25,2024-06-15,edge
182,"Lake Holly",MS,85513,"stacymcintosh at smith-benson.com",1824.7,225.17,Electric,Active,196.44.134.140,225.17,639-434-8899,"sarah rodriguez","7053 james pike suite 879",es-ES,unknown,2016-02-05,2023-10-02,edge
245,"North Ashley",DE,59781,"dawnwilliams at hotmail.com",73.1,$82,Gas,Active,201.1.217.248,82.00,761-135-0152,"dominic johnson","01594 rachel lodge suite 162",es-ES,unknown,2022-08-31,2025-08-29,ie
86,Thomasburgh,KY,20730,davisangela@george.com,268.8," $53.58",Water,Delinquent,143.200.33.176,53.58,996-113-5562,"justin hunt","1839 gina extension apt. 444",en-GB,evans-patton,2020-11-22,2025-12-17,ie
227,Jamesland,NV,56380,hmorgan@mendoza.com,1773.1,231.78,Electric,Active,200.89.121.86,231.78,555-854-5314,"tracy webster","69375 mark rest apt. 983",en-US,unknown,2016-06-15,2025-11-30,chrome
144,Hamiltontown,TX,Unknown,burgesseric@yahoo.com,1923,275.44,Gas,Active,36.12.21.173,275.44,(48-0)5-7786,"christine poole","11024 bailey forks suite 667",es-ES,unknown,2015-05-06,2025-02-01,safari
98,Lisachester,DC,Unknown,rubendavis@gmail.com,977.2," $118.8",Electric,Delinquent,152.132.55.189,118.80,961-110-6584,"mariah williams","71293 smith square apt. 10",en-US,unknown,2019-11-13,2023-07-15,firefox
198,Larryborough,WV,66418,charlesaustin@fernandez-williams.com,902.4," $101.09",Electric,Active,194.80.110.66,101.09,493-680-9767,"michael  campbell","016 christopher lock apt. 997 apt. 945",fr-FR,unknown,2018-04-14,2023-01-15,edge
5,"North Sarahport",AR,99192,williamrodriguez@hotmail.com,1081.8,$276,Water,Inactive,36.109.250.82,276.00,(72-1)7-0524,"jesse mckay","893 nathaniel estates apt. 957",en-US,"humphrey inc",2019-09-26,2025-02-27,chrome
297,"South Robert",OH,47089,rachelquinn@cruz-hopkins.org,106.1,195.67,Gas,Active,11.39.47.106,195.67,494-964-9096,"rhonda thompson","0324 estrada cliff",es-ES,unknown,2022-08-05,2025-05-06,safari
83,Nelsonland,KY,14910,jgray@brown-smith.com,1072.4," $142.36",Electric,Inactive,204.67.98.2,142.36,(23-7)6-0691,"shannon  malone","6591 jerry ways",en-US,unknown,2015-02-07,2023-08-08,safari
158,Michaelview,PA,31679,christopherhill@gomez-foster.org,148.2,"162.28 USD",Electric,Active,123.59.77.135,162.28,827-255-1190,"megan ward","011 barber points",en-GB,unknown,2015-11-03,2024-10-18,safari
154,"Port Erikachester",MT,63707,catherinethompson@hotmail.com,694.7,$411,Electric,Active,158.219.28.74,411.00,475-391-0715,"joseph blankenship","811 hopkins rapids",en-US,golden-wolfe,2018-04-24,2023-03-22,chrome
10,"South Christineshire",CA,40982,barnesbrandy@stewart.com,1809.8,$112,Electric,Active,216.124.133.149,112.00,(27-7)6-5326,"todd hudson","6247 hickman cliffs apt. 554",fr-FR,unknown,2016-11-12,2025-09-21,firefox
88,Ewingfort,MO,Unknown,brittanygardner@saunders.com,782.5,$213,Water,Delinquent,207.88.174.8,213.00,270-683-1519,"robert long","1672 allen shoals apt. 661",es-ES,unknown,2022-03-12,2025-02-05,safari
17,Rivasside,GA,77033,gregoryrubio@hotmail.com,53.3,$39,Water,Active,192.249.155.226,39.00,471-239-2776,"shannon  mcclure","83172 contreras points suite 798",es-ES,unknown,2016-04-18,2024-01-25,chrome
232,"South Stevenland",DC,Unknown,"alexanderholmes at yahoo.com",675.7,294.71,Electric,Active,125.63.13.29,294.71,903-808-2426,"melissa davis","5213 wesley village apt. 898",fr-FR,unknown,2022-05-23,2023-02-16,safari
151,Jasonburgh,MN,26899,lisa57@yahoo.com,631.5,$91.82,Gas,Active,202.60.149.199,91.82,(21-8)8-9210,"jamie  solomon","272 chris row",es-ES,unknown,2016-02-25,2025-10-27,ie
1,Robinsonshire,AL,Unknown,jillrhodes@miller.com,1223.9," $114.01",Water,Active,53.198.170.29,114.01,(34-2)9-5426,"allison hill","908 jennifer squares",fr-FR,unknown,2019-09-25,2023-03-03,ie
247,Rebeccaville,IA,38419,tbaldwin@gmail.com,783.1,388.27,Water,Active,153.38.130.254,388.27,457-397-1557,"sherry giles","034 parker squares apt. 95",es-ES,unknown,2021-09-21,2023-09-03,chrome
76,"Lake Bradley",IN,35513,steven86@gray.com,595.5," $236.83",Water,Active,198.39.126.64,236.83,(47-0)9-4469,"courtney smith","10690 jamie courts apt. 790",fr-FR,"robinson, shields and brown",2019-01-24,2023-05-31,chrome
256,"East Tammy",MO,72182,douglasstephanie@yahoo.com,605.9,"43.23 USD",Gas,Active,77.83.133.123,43.23,439-681-0789,"debra barrett","04501 davis glens apt. 116",fr-FR,unknown,2020-07-30,2023-11-24,safari
60,Angelastad,OH,30218,zosborn@ponce.com,1368.9,"38.79 USD",Electric,Delinquent,37.132.141.242,38.79,989-752-9626,"chad jones","2258 david flats apt. 370 apt. 345",es-ES,unknown,2016-10-26,2023-12-06,safari
108,Hawkinsside,CT,18200,marymurphy@dawson.biz,272.2,$160,Water,Inactive,136.242.94.135,160.00,402-660-8037,"robert torres","442 stephanie walk",es-ES,unknown,2021-06-22,2024-01-18,chrome
293,Matthewchester,TX,21829,cclark@hotmail.com,1765,"413.83 USD",Water,Active,129.124.194.241,413.83,(65-3)5-9711,"brady singleton","2924 vincent shoals",en-US,farmer-vaughn,2017-08-22,2024-03-06,safari
156,Hartmanside,UT,72684,tking@hotmail.com,1964.1,$319.35,Electric,Active,202.82.76.64,319.35,581-550-3996,"richard olson","621 sean squares apt. 138",en-US,unknown,2019-09-24,2023-08-20,edge
114,"West Toni",SC,86278,whitelucas@hotmail.com,825.5," $385.55",Gas,Inactive,26.190.117.170,385.55,612-727-5558,"nicholas rush","917 mark club",es-ES,unknown,2015-01-11,2025-07-27,firefox
164,Hamptonmouth,CO,Unknown,andrew15@hotmail.com,1396.7,$82.96,Gas,Active,190.215.14.154,82.96,735-309-1414,"george ward","982 kelly spring",fr-FR,unknown,2017-12-29,2024-08-09,firefox
170,"Port John",AL,70191,christophersmith@peterson.info,1138.3,"43.34 USD",Water,Inactive,13.253.223.250,43.34,(75-0)9-1981,"calvin gonzales","0512 joseph lock apt. 872",fr-FR,unknown,2018-09-20,2023-06-29,edge
194,Reillyton,NC,20277,matthew99@collier.com,872.5,"393.35 USD",Water,Active,186.24.153.105,393.35,(99-9)4-9168,"joshua wang","770 timothy road suite 857",en-US,unknown,2019-04-10,2025-08-07,chrome
172,Lindamouth,ID,15475,kelli32@davis-montgomery.com,462.9,"110.32 USD",Water,Inactive,209.67.125.122,110.32,(50-5)8-9371,"melissa barker","2812 hall point",en-GB,"norris llc",2015-01-21,2023-06-24,safari
39,"New Jason",IN,62098,batesdarlene@hotmail.com,1751.1,$430,Electric,Active,212.161.72.175,430.00,(61-9)8-7035,"donald donaldson","53293 maria plaza",es-ES,schroeder-kramer,2022-04-15,2024-11-03,chrome
211,Mendozafurt,VA,75850,gbaldwin@jones.com,1943.5,$310,Water,Active,175.237.162.204,310.00,849-996-7266,"randy robinson","72006 hernandez isle suite 908 apt. 537",es-ES,"fernandez inc",2022-10-29,2023-11-10,edge
91,"West Emilyfort",SC,32955,yvargas@bush.com,1582.3,$438,Gas,Active,188.143.184.114,438.00,(87-6)7-3346,"jessica johnson","182 nguyen mount",fr-FR,unknown,2022-01-08,2025-10-12,firefox
105,"Lake Rachel",WY,Unknown,christopher70@yahoo.com,1935.3,$262,Gas,Delinquent,90.62.8.24,262.00,237-568-9796,"john campbell","9493 richardson park",en-US,unknown,2017-10-13,2023-12-07,chrome
283,Halltown,MS,31514,ellisonscott@bishop-reynolds.com,1539.8,$328,Water,Active,161.158.213.154,328.00,813-863-4432,"steve steele","046 davis terrace apt. 571",en-US,unknown,2020-07-06,2023-10-03,chrome
18,"Lake Jason",MT,62743,joshuajones@yahoo.com,1370.8,$201,Electric,Active,189.78.5.197,201.00,521-879-3041,"david walsh","5581 edward lights",en-US,unknown,2022-10-26,2023-09-18,ie
100,Jamiehaven,WA,59207,kylie34@hotmail.com,1606.2,"352.03 USD",Water,Active,131.126.15.132,352.03,230-849-5478,"leah cruz","89994 melanie shoals",es-ES,unknown,2019-11-04,2025-02-17,edge
135,Pamelaside,SD,43640,gatessergio@gmail.com,1939.7,$208,Gas,Active,218.232.71.16,208.00,925-886-6500,"david stevens","016 johnson plaza apt. 199",fr-FR,unknown,2016-03-18,2023-04-09,ie
116,Jamieborough,UT,22475,jessicapayne@gmail.com,1376," $275.28",Electric,Active,203.195.232.100,275.28,(25-3)6-0560,"angela jackson","970 dunlap expressway suite 201",fr-FR,unknown,2017-05-24,2023-06-09,chrome
42,"New Brian",OH,89482,gperry@yahoo.com,1260.7,114.17,Water,Inactive,189.37.88.39,114.17,874-605-5497,"stephen gutierrez","4527 christopher corner apt. 615 apt. 886",en-GB,unknown,2020-07-27,2024-04-16,chrome
254,"South Michaelside",NH,15334,lopezbrian@gmail.com,207.4,$27,Electric,Active,69.253.46.23,27.00,(97-5)6-2537,"tammy fields","4276 wanda park",en-US,rodriguez-cortez,2016-06-30,2025-02-09,chrome
221,Mullinsside,WY,80499,castillokevin@stevens.info,826.2,$102,Gas,Inactive,18.151.55.105,102.00,733-311-8399,"brandi phillips","62570 paul spurs suite 804",fr-FR,unknown,2019-06-09,2025-03-04,safari
107,"New Michaelborough",ME,Unknown,louis43@gmail.com,362.3," $241.88",Water,Active,135.172.169.238,241.88,617-212-7903,"dean edwards","91212 owens lodge",fr-FR,unknown,2018-11-06,2023-12-03,safari
6,Martinezbury,MA,75612,josephbrennan@yahoo.com,1101.8,85.72,Water,Delinquent,46.186.51.36,85.72,500-645-3591,"kim martinez","346 kim path",en-US,unknown,2017-01-01,2024-09-03,edge
117,Kristenfort,TN,27451,xhernandez@gmail.com,908.2,282.44,Water,Active,152.205.62.138,282.44,305-520-7022,"elizabeth davis","49731 jamie route suite 171",en-US,unknown,2022-03-12,2023-05-21,edge
38,Sampsonstad,TX,63841,qchavez@horton.com,1015.9,186.01,Electric,Active,187.122.65.147,186.01,844-550-5799,"johnathan davis","179 crosby harbors apt. 537",en-US,unknown,2015-06-28,2025-08-26,firefox
104,Davidton,IN,63627,joycesmith@sanchez.com,1444.7,124.07,Gas,Active,198.230.163.2,124.07,944-672-4434,"brian berry","20863 wright stravenue suite 419",en-US,unknown,2022-07-19,2023-10-13,edge
103,Gibsonstad,NM,33283,smithderrick@martin.net,685.5,436.14,Gas,Inactive,213.8.174.240,436.14,640-866-3230,"logan brown","52410 roman groves apt. 491",en-US,unknown,2019-06-20,2024-08-19,chrome
65,"East Theresafurt",WY,18855,jessica65@morales.net,710.2," $39.06",Water,Active,187.179.12.34,39.06,220-599-8702,"adam rodriguez","8416 duran harbors apt. 397",es-ES,unknown,2017-09-14,2024-11-11,edge
136,"North Pennyfort",VT,Unknown,ann99@yahoo.com,363.8,$93,Electric,Active,203.155.97.212,93.00,(36-6)6-6222,"anthony walker","711 aaron knoll suite 885",es-ES,unknown,2017-12-05,2023-06-01,chrome
185,"West Carlos",VA,62513,jallen@waller-browning.com,70.9,$295,Water,Delinquent,73.80.62.255,295.00,645-290-2049,"megan  salas","232 michelle inlet apt. 629",en-US,unknown,2021-11-19,2023-04-28,safari
34,"North Scott",OR,67963,gregorylynch@harvey-allen.org,728.5,$437,Gas,Active,147.85.246.32,437.00,801-221-5415,"joseph knight","74740 santana springs",es-ES,fowler-coleman,2018-02-13,2025-06-11,safari
188,"South Kelly",AR,98724,hayesmargaret@rich.net,1094.5," $430.84",Water,Inactive,135.62.52.15,430.84,161-751-1527,"natalie wheeler","086 james mill suite 447",fr-FR,"black, thomas and gallegos",2022-11-12,2024-10-08,chrome
257,Davischester,MN,64927,evanslaurie@drake.com,512.4,$160.24,Gas,Inactive,221.161.238.156,160.24,696-727-2901,"richard mitchell","158 tracy loaf suite 499",en-US,unknown,2017-03-25,2024-04-16,safari
147,Lindseychester,AL,48745,david31@yahoo.com,1430.7," $336.79",Water,Inactive,142.45.122.38,336.79,(25-8)8-1476,"craig carpenter","57759 steele drives",en-GB,unknown,2017-11-28,2025-04-08,chrome
205,Laneshire,TN,75214,chloe58@harrison.info,265.4,"196.22 USD",Water,Active,136.29.215.57,196.22,(52-8)9-3820,"lisa  sanchez","5442 heather ranch suite 940",en-GB,lamb-weber,2021-03-08,2024-08-02,safari
280,"North Brianna",CA,23332,tconway@hotmail.com,1695.9," $165.61",Gas,Active,107.165.190.206,165.61,980-711-0812,"johnny cox","36149 jackson fields",fr-FR,unknown,2016-11-22,2025-01-14,chrome
264,"North Kimberlyville",OH,24334,morgandaniel@martinez.info,1065.3,233.42,Water,Active,42.176.226.244,233.42,392-668-2430,"carrie villarreal","5084 melissa well apt. 077",en-US,unknown,2016-11-05,2023-08-18,chrome
20,"East Mary",FL,23970,jason55@yahoo.com,1839.1,41.59,Electric,Active,71.82.40.28,41.59,399-935-7291,"joel williams","4170 zoe keys apt. 100",en-US,unknown,2019-10-08,2023-12-27,chrome
15,Richardtown,LA,91351,ryan59@alvarado-martinez.com,399.8,$399.01,Gas,Inactive,117.39.238.207,399.01,566-415-5088,"april frost","656 spencer fields suite 629",es-ES,unknown,2016-09-25,2023-11-29,chrome
89,Bartonshire,NY,65591,mackdiane@jackson-salazar.org,587.5,218.07,Water,Inactive,154.159.87.101,218.07,(94-5)4-2810,"rachel ward","6101 walker summit apt. 756",fr-FR,"cooper inc",2020-12-18,2024-04-15,chrome
208,Ericaburgh,OH,64046,hardindana@bishop-pearson.com,781.4,262.15,Water,Delinquent,36.89.83.44,262.15,814-653-6772,"ethan moreno","4149 murray spring apt. 938",fr-FR,unknown,2022-02-06,2024-10-24,edge
289,"East Williamhaven",NM,41258,markbrown@yahoo.com,955.1,"125.6 USD",Water,Delinquent,218.76.96.5,125.60,598-445-2639,"pamela matthews","973 kristen turnpike",en-GB,unknown,2016-04-10,2024-01-29,chrome
44,Tuckermouth,KY,11824,reesejason@chavez-moore.com,1189.9,"309.32 USD",Water,Delinquent,146.32.181.207,309.32,(97-2)4-3175,"jennifer thomas","910 eric river apt. 147",fr-FR,"fischer inc",2017-12-19,2025-07-20,safari
169,"West Andrew",ND,95397,melissawhite@yahoo.com,1944.7,427.73,Water,Active,70.139.166.25,427.73,225-729-7143,"patrick lamb","797 graves overpass",es-ES,unknown,2017-02-27,2025-11-18,safari
241,Morrisville,NM,Unknown,brittany14@morgan.net,327.1,$433.55,Water,Active,45.45.154.23,433.55,475-620-9948,"anthony  sanchez","76986 smith mountains apt. 569",es-ES,unknown,2020-06-02,2023-08-20,safari
128,"East Heather",ME,Unknown,creyes@hotmail.com,92.5,$414.49,Electric,Active,83.151.99.196,414.49,(32-4)2-1220,"jeffrey jordan","505 andrew avenue",en-GB,unknown,2019-06-29,2023-06-22,safari
261,Pettyfort,OR,58551,csmith@hotmail.com,1085.3,"185.5 USD",Gas,Active,203.202.112.51,185.50,158-838-1587,"christian park","49605 curtis vista",en-US,unknown,2022-01-11,2023-01-03,ie
41,Shawnchester,WY,19681,lammarc@gmail.com,1698.3,$317,Electric,Delinquent,214.225.120.12,317.00,581-601-4770,"dr. jessica rodriguez dds","49985 vang pines apt. 824",en-GB,unknown,2019-12-15,2024-09-04,chrome
77,Williamsstad,TN,Unknown,kevinthomas@hotmail.com,322.6," $84.04",Water,Active,165.25.137.77,84.04,(40-3)8-1693,"monique flores","4408 connie meadow",es-ES,unknown,2018-09-26,2025-11-29,ie
284,Lopezberg,AZ,47281,briana11@gmail.com,730.3,"75.13 USD",Water,Active,91.228.239.138,75.13,563-117-0553,"timothy logan","392 kelly orchard",es-ES,unknown,2018-08-05,2023-02-27,chrome
171,"Lake Ryan",GA,75907,stevenwise@wade.com,793.8,$349,Water,Active,66.176.4.245,349.00,747-206-2036,"william wright","08814 little flat suite 031",en-GB,richards-foster,2018-04-02,2023-06-27,safari
286,Navarromouth,WA,36988,robert21@yahoo.com,758.5,"91.65 USD",Gas,Active,139.202.169.122,91.65,586-784-7394,"erin lane","3033 hanson garden",en-US,unknown,2018-10-08,2025-10-26,safari
168,Claytonbury,CO,25036,justin80@weeks.com,1841.3," $408.93",Electric,Delinquent,184.179.30.121,408.93,423-970-9691,"joseph chang","9308 lopez points suite 632",fr-FR,unknown,2022-07-02,2025-07-01,firefox
124,Kennethville,CA,81638,jennifer46@yahoo.com,725.5," $30.28",Water,Inactive,172.211.60.46,30.28,448-675-7033,"lindsay smith","4374 silva avenue suite 899",es-ES,unknown,2017-10-01,2023-01-14,chrome
97,Erikview,SD,45038,williamsconnie@yahoo.com,1981,217.37,Electric,Active,151.204.73.207,217.37,(30-9)2-9895,"bianca phelps","27706 wendy curve",es-ES,unknown,2019-06-14,2025-02-03,chrome
263,Jimmyside,AK,17138,laura29@gmail.com,1667.6," $229.08",Gas,Active,171.109.156.232,229.08,(97-1)9-6246,"edward dawson","172 james rest suite 167",es-ES,unknown,2015-09-17,2024-12-08,ie
9,"North Susan",HI,66498,jamesrobinson@gmail.com,168.2,$309.55,Water,Active,47.13.148.165,309.55,790-684-4981,"rachel mitchell","500 shaw walk",en-GB,unknown,2019-10-01,2025-08-14,safari
236,"North Douglasfurt",OR,54658,mcampbell@collins.net,387.5,254.15,Water,Active,42.204.92.119,254.15,735-616-8265,"amanda murphy","6317 white spring suite 167",fr-FR,unknown,2017-05-02,2025-06-10,ie
189,"South Andrea",WI,34925,cgutierrez@white.com,497,395.28,Electric,Inactive,5.51.98.63,395.28,647-960-8458,"kevin shannon","45211 jasmin roads suite 186",en-US,unknown,2020-08-05,2024-04-25,safari
253,Chloeview,MD,87984,uanderson@hotmail.com,682.3,$203,Water,Active,162.107.148.149,203.00,299-667-3796,"debbie gordon","41502 savage village suite 564",en-GB,stafford-stewart,2021-11-26,2023-05-10,safari
31,Grimesmouth,NJ,91057,"patrickweeks at hotmail.com",1980.6," $147.86",Gas,Active,148.152.0.7,147.86,(77-6)5-1123,"john  kennedy","46584 justin hills",en-US,cook-hines,2017-07-13,2025-07-11,chrome
177,"West Traceyborough",MD,69591,vcannon@ward-chavez.biz,1285.5," $322.61",Gas,Inactive,24.212.164.12,322.61,470-578-4834,"erica allen","049 zachary hollow apt. 212",en-US,unknown,2015-07-10,2024-10-25,ie
320,Sarahmouth,FL,24918,"odavis at wilkerson-arias.biz",998.9," $311.63",Water,Active,193.240.47.51,311.63,478-653-7947,"phillip nelson","8536 nicholas burgs",en-US,"johnson group",2018-11-14,2023-08-16,ie
28,Moonburgh,NE,41499,mnavarro@johnson-perez.org,623.8,$360.96,Gas,Active,193.46.183.83,360.96,769-210-9464,"katherine miller","490 thomas run",es-ES,unknown,2022-09-29,2025-10-02,ie
122,"West Micheal",NY,43438,robertsonerik@yahoo.com,526.9,$38.94,Gas,Active,179.246.196.53,38.94,708-666-9368,"rodney  figueroa","89023 mary gateway apt. 705",en-US,unknown,2016-02-26,2024-04-12,safari
246,"South Amandaville",ND,70438,marisa63@yahoo.com,660.9,311.42,Electric,Active,143.196.36.227,311.42,545-966-8515,"brandon greene dds","12347 king radial",fr-FR,unknown,2022-07-28,2024-02-04,chrome
174,Barretthaven,UT,93995,robert51@gmail.com,1761.9,"312.22 USD",Gas,Active,219.185.44.18,312.22,573-523-8017,"kathleen arnold","22031 lee bypass",en-US,unknown,2019-11-22,2025-01-06,edge
47,Marshallshire,OR,27038,rebeccabailey@mullen.com,307,$304.25,Gas,Inactive,201.74.247.25,304.25,(53-6)9-9234,"christopher dixon","3292 gregory trail",en-US,maldonado-macias,2021-01-21,2023-12-24,firefox
249,Glennshire,MD,19557,barbara12@gmail.com,1323.1,405.5,Electric,Delinquent,154.135.28.6,405.50,475-924-1286,"brandy morales","657 russo dale",en-GB,unknown,2015-10-16,2025-07-02,firefox
183,"West Toddside",HI,30287,marshallsierra@gmail.com,587.3," $262.81",Water,Active,196.22.1.18,262.81,732-207-7144,"antonio gonzalez","451 kelly run suite 368",en-US,"mason group",2019-10-12,2024-06-19,ie
33,"South Garrettport",AK,67560,ofinley@hotmail.com,1103," $425.35",Gas,Active,155.144.95.81,425.35,(27-3)2-6137,"michael santos","091 crystal heights apt. 161",es-ES,"nguyen inc",2016-05-24,2024-09-14,edge
35,"Lake Colton",SD,77449,karmstrong@haney-phillips.biz,1264.1,"100.66 USD",Gas,Active,111.13.156.159,100.66,237-665-2442,"james webb","90974 catherine knoll apt. 394",es-ES,unknown,2015-01-05,2025-04-26,safari
282,Duranmouth,DE,71082,frankcollins@garrett.com,720.1," $237.06",Water,Active,12.68.73.176,237.06,356-510-2578,"courtney  norris  dvm","3173 wall view suite 831",fr-FR,unknown,2017-04-07,2025-10-16,chrome
61,"Port Tammy",NY,60052,khammond@gmail.com,1752.4,364.54,Electric,Active,20.229.128.177,364.54,449-496-6219,"james love","1778 anderson village",en-US,unknown,2020-08-21,2023-11-28,ie
226,Ericside,MA,66010,lgreen@hart.com,692,"77.85 USD",Gas,Active,202.242.164.107,77.85,568-236-2525,"bruce chaney","57828 martinez burg suite 727",en-US,unknown,2021-03-04,2024-08-22,ie
234,"New Ashley",OR,97932,bradley40@patton.com,239.7,$60,Gas,Active,44.66.80.132,60.00,806-844-8304,"kayla  brown","50124 bell walk",fr-FR,unknown,2020-12-25,2025-08-11,edge
64,"New Michael",LA,85372,robertspatrick@barnes.com,519.1,"20.67 USD",Gas,Active,191.15.12.40,20.67,221-903-2752,"derek  wright","27877 jimenez course suite 873",es-ES,unknown,2017-09-17,2024-08-19,ie
285,"Port Casey",TN,Unknown,terrancemorrison@wood-smith.org,1099.9,$165.17,Electric,Active,190.244.245.218,165.17,877-450-5056,"marissa howard","38806 gonzalez flats",en-US,unknown,2022-09-19,2024-09-16,ie
155,"East Ronaldshire",KS,32898,eanderson@kent.com,235.2,$203.18,Electric,Active,214.132.168.147,203.18,462-859-4787,"jane chapman","3009 april lane apt. 565",en-GB,"henderson, diaz and hill",2015-06-11,2025-01-07,chrome
240,"Port Patriciamouth",CT,21097,katie45@gmail.com,1043.4,$288,Water,Inactive,150.223.21.250,288.00,863-216-3359,"jenna simpson","025 pacheco prairie",en-GB,unknown,2016-07-16,2025-07-22,safari
204,"Lake Jessica",WV,82682,pbradford@shaw.com,1106.1,"213.24 USD",Gas,Active,133.1.203.182,213.24,391-756-6696,"darius coleman","97519 nixon common",es-ES,unknown,2016-10-18,2025-12-23,edge
46,"South Meganbury",OR,34878,umorse@patterson.com,1943.6," $295.93",Electric,Inactive,183.23.30.73,295.93,301-902-7018,"scott williams","0529 collier lake",en-US,warren-foster,2016-05-15,2023-07-07,safari
228,"East Jaredfort",NC,36370,raymond65@watson-mitchell.com,681.7," $149.12",Electric,Active,152.12.167.185,149.12,714-884-6868,"jennifer henry","8137 lara heights apt. 662",es-ES,unknown,2018-02-27,2023-05-19,edge
214,Nguyenshire,DC,37770,lori17@jackson.com,784.4,$318.88,Water,Active,163.105.101.200,318.88,214-551-2823,"matthew smith","9931 ronald valleys",es-ES,unknown,2017-04-14,2025-09-16,chrome
40,"Lake Kristahaven",NH,59131,alexistyler@chapman.com,381.5,263.35,Electric,Active,199.31.36.129,263.35,654-370-5906,"ms. rebecca rodriguez","26811 west lake apt. 783",en-GB,unknown,2019-10-31,2024-05-15,chrome
22,Grahamshire,MD,64496,casey50@yahoo.com,1894.8," $409.08",Electric,Inactive,18.197.241.68,409.08,(59-2)9-1035,"kylie williams","65726 jessica run suite 987",fr-FR,unknown,2015-09-13,2025-05-10,edge
99,Jensenmouth,IL,61007,derrick22@gmail.com,1026.5,$359.91,Gas,Active,5.30.191.53,359.91,(80-1)3-4775,"robert  garcia","275 courtney drive",en-US,unknown,2022-08-05,2025-02-25,safari
67,Salaston,DC,65640,pbaker@lane.com,1338.8,"64.12 USD",Gas,Active,218.102.206.71,64.12,391-708-9151,"lauren robles","30913 scott manor apt. 636",es-ES,unknown,2019-10-30,2024-08-24,safari
52,"Lake Timothystad",CT,92991,kylestokes@mckee-lee.org,771.6,215.07,Water,Active,192.103.250.184,215.07,547-559-1100,"nicole bowers","4688 burch viaduct apt. 924",en-US,unknown,2016-01-11,2025-02-09,ie
134,"West Tara",NY,10235,april91@stanley-wright.com,480.7," $279.03",Water,Active,56.59.153.46,279.03,565-428-3872,"dennis edwards","89002 christian ways apt. 175",es-ES,unknown,2022-11-15,2023-03-08,firefox
24,"East Joanna",VA,12540,jeffrey34@perkins.biz,1520.8,$299.56,Electric,Active,25.122.217.220,299.56,979-588-5558,"katherine mcguire","7444 david fields suite 182",en-GB,"bray, warren and campbell",2021-01-18,2024-12-17,safari
242,Ballardland,OR,55029,christinacox@yahoo.com,871,"266.81 USD",Gas,Active,62.106.204.6,266.81,283-451-8883,"jonathan  hubbard","1834 williams ports",es-ES,"vargas llc",2015-02-14,2025-07-18,ie
131,"Lake Jenniferview",IN,96096,marie35@ortiz.com,1172.6,348.54,Gas,Active,172.203.200.28,348.54,683-742-6856,"richard jimenez","3001 mary skyway suite 218",en-GB,unknown,2017-09-14,2025-12-28,safari
222,"New Daniel",WA,81618,rodriguezmichael@hotmail.com,934.7,213.88,Water,Inactive,192.141.109.67,213.88,819-711-0078,"gabriela randolph","5281 devon isle",es-ES,unknown,2016-07-08,2025-04-26,chrome
113,Grantside,RI,95969,brookssheri@yahoo.com,1534.9,325.9,Water,Active,100.203.101.123,325.90,895-297-3221,"sylvia schroeder","4522 conner oval",es-ES,walker-chapman,2016-06-03,2024-05-26,chrome
166,"East Joan",SC,25643,shelby13@sanders.com,363.8,259.34,Gas,Active,74.235.61.196,259.34,(50-1)6-5939,"clinton johnson","006 dalton river apt. 164",en-US,unknown,2019-03-26,2025-05-27,safari
139,"New Danielfurt",AR,87296,tinasantos@gmail.com,1166.8,$435,Electric,Active,180.175.138.151,435.00,354-970-2584,"marcus roberts","158 aguilar shores suite 846",es-ES,"brown, adams and floyd",2017-07-20,2025-03-03,safari
239,Kellerside,NJ,60173,johnsonangela@yahoo.com,321.2,$305,Water,Active,181.0.127.214,305.00,312-488-1510,"ernest bennett","6246 gallagher port",fr-FR,unknown,2019-07-22,2025-06-10,safari
161,"North Alicia",NJ,16094,duranamber@gmail.com,312.5," $303.14",Gas,Active,219.28.253.191,303.14,459-074-9409,"brian mora","9579 henry track suite 639",fr-FR,unknown,2022-02-06,2025-07-11,ie
217,"Lake Michaelborough",KS,99983,qtownsend@hill.com,1824,"203.38 USD",Gas,Active,131.91.114.208,203.38,319-426-9176,"shari hatfield","772 elizabeth cape",en-GB,jensen-wu,2017-07-20,2024-05-07,chrome
54,"Lake Zacharybury",FL,97562,marydunn@hotmail.com,1846.3,$208,Gas,Active,150.148.137.185,208.00,207-709-8055,"aaron miller","43410 robert underpass suite 117",es-ES,unknown,2018-12-21,2025-03-24,chrome
59,Janeborough,LA,53054,nathan19@gmail.com,401.5,"27.84 USD",Electric,Active,197.246.253.47,27.84,373-892-0648,"amanda hernandez","5431 jill parks suite 814",en-GB,unknown,2016-06-07,2025-05-17,safari
178,Lauraburgh,UT,55224,johnsonmichael@baker.com,200.3,209.16,Water,Active,152.107.64.98,209.16,729-457-7165,"kayla duncan","4196 jessica stream",es-ES,"johnston, velez and larson",2020-06-17,2023-01-14,safari
230,Oneillfort,DE,61061,swhite@hotmail.com,857,"325.23 USD",Gas,Inactive,176.143.186.176,325.23,(48-7)2-3165,"sandra kennedy","14719 perkins port",es-ES,unknown,2017-02-06,2024-09-23,safari
82,Millerfurt,OK,72350,shawheidi@yahoo.com,1820.5,$142.73,Electric,Active,178.148.105.239,142.73,897-989-3252,"joseph  hill","18233 ochoa grove apt. 564",es-ES,"branch and sons",2020-05-09,2024-08-11,chrome
184,"East Matthew",TN,68536,bgarner@yahoo.com,1611.7,"238.59 USD",Water,Active,88.118.20.217,238.59,791-552-7522,"thomas torres","4384 connie wells suite 084",fr-FR,unknown,2022-11-04,2023-07-25,safari
111,Kellyburgh,IA,74921,stokesthomas@yahoo.com,1107,"353.3 USD",Electric,Inactive,219.123.38.193,353.30,233-481-4683,"francis robinson","13348 kathryn forges",fr-FR,unknown,2021-03-01,2023-08-22,safari
272,Ambermouth,KY,72978,kathleenwagner@yahoo.com,777.7,$438.93,Water,Active,213.76.183.92,438.93,(22-9)3-2255,"stephanie harrington","725 lauren shores suite 636",en-US,unknown,2021-05-05,2024-06-12,safari
255,"South Nathanielville",MD,14931,brandybonilla@hotmail.com,728.3,"289.69 USD",Electric,Active,201.208.243.237,289.69,(41-1)3-4654,"duane conley","1371 johnson springs",en-US,"johnson group",2021-09-08,2025-10-20,ie
115,"East Shannon",AZ,30707,jonathan10@cruz.biz,1770.2,107.0,Gas,Active,144.182.80.251,107.00,898-980-1793,"derek wright","7658 garcia neck apt. 642",en-US,unknown,2019-12-13,2023-01-02,firefox
209,"Port Cassandrafurt",WV,46170,jeffrey44@gmail.com,319.9,217.96,Gas,Inactive,217.109.27.41,217.96,730-338-5945,"brent  garcia","91093 jean crest apt. 228",es-ES,"knight, coffey and kemp",2021-03-17,2023-07-13,firefox
167,"Port Christopher",MN,Unknown,imcdonald@yahoo.com,182.9," $431.5",Water,Active,147.109.189.29,431.50,877-508-9037,"matthew dalton","82997 mills route suite 578",en-US,unknown,2022-12-08,2025-12-12,edge
142,Markport,WV,45203,susanmeyer@hotmail.com,1723.6,$154,Water,Active,204.18.7.172,154.00,152-497-9220,"kenneth howard dds","8861 walker forest",es-ES,unknown,2019-03-06,2024-11-22,safari
295,"South Stephanieborough",IL,44167,jamie48@gmail.com,404.7,"56.29 USD",Gas,Delinquent,158.98.203.192,56.29,(80-8)9-0277,"cristian pruitt","58025 myers creek apt. 867",en-US,unknown,2016-12-11,2024-07-31,safari
262,"West Jessica",MI,57918,jenniferrice@yahoo.com,1424.5," $95.36",Water,Active,222.253.175.27,95.36,953-256-9433,"james palmer","146 wilson road suite 760",en-GB,hall-robinson,2020-03-21,2025-01-18,firefox
53,Sarahmouth,FL,24918,"odavis at wilkerson-arias.biz",998.9," $311.63",Water,Active,193.240.47.51,311.63,478-653-7947,"phillip nelson","8536 nicholas burgs",en-US,"johnson group",2018-11-14,2023-08-16,ie
173,Grosstown,MN,22871,amymorris@hill-guerra.net,245.1,75.13,Water,Active,193.97.54.145,75.13,255-969-9992,"mr. edward terry","82744 gibson trail",fr-FR,"allen, le and barrett",2021-07-06,2024-11-08,edge
269,"West Ericafurt",OH,97394,pstone@murphy.com,605.1,$186.03,Gas,Active,195.14.5.185,186.03,724-603-4185,"dustin glover","1266 christopher manors apt. 737",en-US,unknown,2019-06-17,2025-05-25,ie
186,"West Christopherfort",NY,97773,vturner@hotmail.com,1842.4,$336.88,Water,Active,219.247.121.180,336.88,568-444-1004,"pamela beard","31220 obrien ridge apt. 933",es-ES,unknown,2019-06-07,2024-02-15,ie
201,Petershire,ID,36106,gjones@hotmail.com,1875.6,"223.31 USD",Electric,Active,185.190.223.233,223.31,324-986-5078,"brent wallace","7013 paige throughway apt. 227",en-US,"maldonado llc",2020-03-02,2025-12-03,ie
179,"West Wayne",FL,63857,hbutler@gmail.com,312.7,266.6,Water,Active,57.36.253.123,266.60,937-316-8889,"anthony wise","604 luis port",en-GB,unknown,2015-04-02,2023-03-30,chrome
199,"North Thomasstad",NH,18973,hesssamantha@davis-collins.info,932.9," $293.86",Water,Active,204.210.206.31,293.86,910-901-5454,"nicole  owens","32945 white shores suite 577",en-GB,"campbell llc",2017-01-17,2024-08-16,chrome
96,"South Mallory",KY,17923,"rrobertson at mayer.com",852.1," $22.84",Electric,Active,165.103.113.243,22.84,622-340-4791,"jaime  jones","175 laura locks",en-US,unknown,2021-12-05,2025-09-26,firefox
275,"West Stevenchester",NJ,Unknown,nicholas10@gmail.com,1070.1," $371.33",Gas,Active,115.189.102.160,371.33,818-203-4227,"brett thomas","937 avery grove",en-US,unknown,2018-11-27,2025-01-12,chrome
127,"South Joshuaburgh",WV,Unknown,robert22@gmail.com,557.3,"240.79 USD",Electric,Active,124.90.39.130,240.79,921-913-1660,"cory wilson","9725 kimberly oval suite 250",en-US,unknown,2022-12-22,2024-12-29,edge
95,"Port Megan",NM,74303,tiffany44@adams.com,1002.2," $80.18",Water,Delinquent,49.50.169.104,80.18,(71-1)7-6365,"laura patel","0422 dustin islands",en-US,unknown,2020-03-02,2024-12-22,ie
288,"New Nicholas",MD,71249,deckerderrick@cobb.com,518.7,176.64,Water,Active,215.211.89.194,176.64,384-219-9457,"alex cameron","55289 johns circles apt. 223",fr-FR,unknown,2018-01-02,2023-05-03,edge
80,"South Ashley",NM,49008,owilliams@hotmail.com,1870.7," $226.32",Water,Active,175.246.94.176,226.32,824-695-4150,"erica harris","48996 hernandez isle",en-US,"pena, cohen and scott",2018-03-29,2025-09-28,chrome
203,Daltonchester,HI,Unknown,jacobcruz@yahoo.com,1394,$335.27,Gas,Active,190.102.198.96,335.27,261-564-3521,"joshua bates","42201 douglas oval suite 212",fr-FR,unknown,2017-08-11,2024-12-12,chrome
58,Johnsonland,WI,16863,yhill@gmail.com,604.1,$61,Water,Inactive,220.64.87.220,61.00,362-572-7108,"jeremy west","658 stephanie divide",en-GB,unknown,2022-01-28,2023-05-15,ie
92,"New Garrett",DC,Unknown,samantha91@anderson.com,1701.9,$298,Electric,Active,111.55.76.203,298.00,(67-4)2-5977,"hannah bruce","286 carlson ports suite 627",es-ES,unknown,2017-09-21,2024-02-21,chrome
137,"New Savannahshire",NY,80795,"stephenharrington at hotmail.com",1165,$61,Gas,Active,43.29.22.0,61.00,(82-1)6-4435,"craig martinez","60917 barrett parkways apt. 708 apt. 340",en-US,unknown,2017-12-22,2024-09-01,edge
291,"Port Joshuabury",DE,51079,amcdonald@yahoo.com,391.6,$113.74,Gas,Active,102.205.29.44,113.74,734-880-9605,"julie oliver","4602 hall rue apt. 514",en-US,unknown,2018-09-10,2024-04-28,ie
145,"New Nancyberg",AZ,63674,sarah14@turner.info,1222.2,411.95,Electric,Active,57.56.162.112,411.95,(78-5)9-9845,"laurie haynes","0728 derek lock suite 245",es-ES,unknown,2020-10-03,2023-01-19,firefox
149,"South Michaeltown",IA,Unknown,"rebeccaarnold at hotmail.com",317.9,197.64,Electric,Active,200.143.189.85,197.64,794-835-2166,"lynn hess","256 patricia radial suite 278",en-GB,unknown,2022-08-20,2025-12-21,edge
341,Johnsonburgh,MN,28293,jcolon@hotmail.com,1973.9," $150.39",Electric,Delinquent,58.38.211.236,150.39,527-586-8541,"mallory barajas","7288 heather motorway",en-US,unknown,2021-08-02,2023-10-22,edge
132,"West Lisaburgh",MO,74517,michael56@wilson.com,503.6,$36.32,Electric,Active,175.22.91.105,36.32,228-920-6761,"anthony li","255 friedman grove",en-US,unknown,2021-01-29,2023-12-26,firefox
79,Kylestad,NM,36724,lopezkathleen@powers.com,683.8," $243.03",Water,Active,158.12.33.140,243.03,(23-2)7-8628,"james jacobs","33173 randy garden suite 467",fr-FR,unknown,2019-08-08,2023-05-08,safari
121,"West Terri",WI,55443,vpreston@young.com,1479.2,"74.58 USD",Electric,Inactive,222.34.138.219,74.58,882-959-3877,"lee steele","4447 teresa forks",fr-FR,adams-butler,2020-11-12,2023-12-08,safari
243,Adamsside,RI,73538,ryan85@gmail.com,586.7,"76.99 USD",Gas,Active,55.80.70.177,76.99,373-786-1845,"gregory jones","4987 nicole road apt. 973",en-US,michael-barber,2016-06-03,2024-07-23,safari
244,"East Anthony",ME,Unknown,ejenkins@hotmail.com,1338.3,351.26,Water,Active,177.47.34.116,351.26,(69-6)3-8596,"david francis","4424 richard crescent",es-ES,washington-esparza,2016-08-17,2025-10-12,chrome
14,Samuelhaven,MS,27146,darlene68@yahoo.com,196.7,$261.19,Water,Delinquent,209.107.157.77,261.19,700-457-1832,"donald jones","42940 candace key",es-ES,unknown,2017-12-08,2025-06-23,safari
94,Michellechester,RI,36624,wolfscott@gmail.com,1495.4,261.89,Electric,Active,22.159.70.86,261.89,709-677-2615,"ashley wilson","34074 atkins corners suite 133",es-ES,unknown,2019-02-27,2025-04-27,ie
287,"East Nicole",HI,84242,"spencerdouglas at yahoo.com",1320.5,$169.35,Gas,Active,163.239.120.57,169.35,611-431-2506,"adriana smith","950 james haven",en-US,unknown,2020-12-15,2025-05-24,chrome
274,Gregoryton,MD,73556,batkins@kim-perry.net,481.2," $113.69",Electric,Inactive,67.190.126.64,113.69,298-747-6761,"joseph flores","4111 justin falls suite 124",en-US,unknown,2019-08-15,2023-11-30,chrome
336,Tuckermouth,KY,11824,reesejason@chavez-moore.com,1189.9,"309.32 USD",Water,Delinquent,146.32.181.207,309.32,426-863-2035,"jennifer thomas","910 eric river apt. 147",fr-FR,"fischer inc",2017-12-19,2025-07-20,safari
215,"North Jasmine",LA,48337,donald62@wood.org,1812.6,$238.67,Gas,Inactive,191.59.126.128,238.67,268-597-5445,"leslie rogers","19620 miller avenue",en-GB,unknown,2022-04-13,2024-04-18,safari
101,"Port Thomas",CA,Unknown,allendanielle@gmail.com,740.1,$64.42,Electric,Active,32.225.253.211,64.42,205-515-8286,"rebecca allen","5269 diaz springs",fr-FR,unknown,2017-02-06,2025-07-08,safari
36,"East Karenbury",TX,Unknown,julie23@gmail.com,1313,$218.42,Electric,Active,201.150.243.9,218.42,229-845-4920,"jacob anderson","842 sloan orchard suite 517",es-ES,unknown,2019-07-30,2024-04-05,ie
270,Johnsonburgh,MN,28293,jcolon@hotmail.com,1973.9," $150.39",Electric,Delinquent,58.38.211.236,150.39,527-586-8541,"mallory barajas","7288 heather motorway",en-US,unknown,2021-08-02,2023-10-22,edge
21,"North Brittany",SC,72216,catherinestuart@hotmail.com,995," $349.3",Electric,Active,204.247.235.183,349.30,936-716-7991,"claudia lyons","41904 sanders stravenue",en-GB,"garcia llc",2020-01-18,2024-05-21,firefox
266,"Lake Sandraberg",OK,47387,hcrane@hotmail.com,1987.9,$122.3,Water,Active,9.46.210.98,122.30,351-561-5659,"brenda patterson","72081 matthew locks apt. 606",en-GB,unknown,2017-01-16,2023-11-11,safari
219,"North Robert",NM,13418,theresa35@johnson.com,964.1," $236.0",Water,Active,61.157.232.89,236.00,(22-6)9-8053,"james ellis","17762 robinson hill apt. 929",fr-FR,unknown,2019-01-11,2025-09-03,edge
73,Christianshire,AR,Unknown,spencerzhang@yahoo.com,1021.2,$285.79,Water,Active,196.207.2.47,285.79,545-777-1674,"daniel bernard","878 kathleen springs apt. 878",fr-FR,unknown,2022-03-12,2024-03-07,firefox
197,"New Anitaville",ND,69840,lanelarry@gmail.com,1102.4,$411,Electric,Active,184.172.117.119,411.00,478-761-8288,"stephen garcia","34485 lambert groves apt. 241",en-GB,unknown,2022-01-28,2025-12-08,firefox
341,Jamesland,NV,56380,hmorgan@mendoza.com,1773.1,231.78,Electric,Active,200.89.121.86,231.78,555-854-5314,"tracy webster","69375 mark rest apt. 983",en-US,unknown,2016-06-15,2025-11-30,edge
278,Farmerside,WY,87251,john55@gmail.com,877,$379,Water,Active,211.243.5.65,379.00,204-942-2616,"theresa reid","502 chelsea avenue apt. 268",en-US,"curtis, ryan and stafford",2017-01-28,2023-08-08,firefox
296,"West Debbiemouth",UT,44099,ahill@griffin.org,77.5,$427.31,Water,Active,195.144.121.254,427.31,673-403-5289,"kenneth collins","597 ford canyon",es-ES,unknown,2016-09-03,2025-01-23,edge
146,"Port Karenside",SD,23410,robertbrewer@hotmail.com,174.5,$314,Gas,Active,210.39.213.240,314.00,670-458-4575,"theresa torres","23943 howard union",es-ES,unknown,2015-01-31,2024-08-01,firefox
216,Michaeltown,IA,Unknown,"lallen at hotmail.com",588," $121.57",Electric,Active,70.31.175.41,121.57,(74-2)5-1264,"christine bowman","279 courtney tunnel",en-US,unknown,2022-09-03,2024-12-28,safari
265,"West Nathanchester",SC,63961,jean87@harrell.com,1691.7," $275.14",Gas,Active,221.126.191.147,275.14,498-393-2031,"shelby bartlett","76037 mitchell extension apt. 822",es-ES,unknown,2021-06-28,2024-10-30,safari
3,"New Nancy",IL,57819,"jacqueline19 at jackson.biz",1237.8,$308.18,Electric,Active,107.242.47.175,308.18,(99-1)4-9623,"holly wood","835 jeremy bypass suite 641",fr-FR,"porter, wilkerson and day",2016-10-28,2024-12-28,edge
195,Millerbury,NV,86928,carl24@gmail.com,293.8,$99.07,Electric,Active,147.89.46.216,99.07,819-860-7479,"alicia ray","8299 lopez crescent suite 504",es-ES,unknown,2020-11-03,2025-04-27,chrome
210,Krauseborough,MO,88018,qschwartz@yahoo.com,1847.6,$53.75,Gas,Active,38.240.134.95,53.75,694-377-8999,"timothy fowler","14066 ferrell green suite 271",en-US,unknown,2022-03-15,2023-03-18,edge
51,"Lake Samuel",MN,24184,"zoemoore at richard-garcia.net",1698.1,$267,Water,Active,203.241.183.1,267.00,814-519-6761,"gloria miranda","592 moore falls",en-US,unknown,2018-12-05,2023-08-24,chrome
7,Leeville,NE,Unknown,carlosjohnson@jones-young.info,566.9,427.14,Water,Active,211.38.61.61,427.14,(25-9)4-4622,"adrienne zimmerman","299 sanchez mountains",es-ES,henderson-owens,2020-12-21,2023-09-20,ie
202,"South Jacqueline",SC,Unknown,aguilarcheryl@hotmail.com,1183.1,$23.84,Water,Active,188.254.56.49,23.84,882-423-2850,"taylor robbins","40580 jacqueline view suite 140",en-US,unknown,2018-02-04,2025-03-21,firefox
125,"West Jessica",TX,40339,edwardcannon@gmail.com,1182.5,$439.06,Water,Active,201.231.39.32,439.06,(62-9)7-0319,"debbie dawson","520 bright green suite 660",en-US,unknown,2020-10-29,2025-02-01,chrome
267,Roweport,AZ,Unknown,regina04@hotmail.com,1952.4," $87.1",Gas,Active,212.8.60.253,87.10,659-752-3663,"stephen  haynes","673 terry valleys",en-US,unknown,2020-08-07,2025-07-27,firefox
75,"Lake Michelle",HI,50441,weaverbrian@gmail.com,469.5,237.34,Gas,Active,212.19.58.48,237.34,(53-5)7-9161,"laura williams","46226 haney light suite 661",es-ES,unknown,2020-07-30,2023-07-04,ie
110,Timothyfort,OK,57059,joshua20@harvey.biz,1035.6," $370.54",Gas,Active,216.167.104.191,370.54,(76-8)3-7090,"carrie lewis","14626 dawn union apt. 806",fr-FR,unknown,2015-02-09,2023-10-07,chrome
63,Michellemouth,MI,Unknown,dawn47@gmail.com,1883.4," $379.03",Water,Active,215.188.81.11,379.03,391-479-9481,"jennifer fowler","7102 perry mountain apt. 592",en-GB,anderson-wood,2015-11-21,2024-06-08,firefox
180,"Port Dennis",ID,73133,ryanhartman@anderson.info,1265.3,361.68,Water,Active,140.140.228.20,361.68,852-219-5644,"nicole johnston","641 shaw trail",fr-FR,unknown,2016-11-29,2025-04-21,firefox
148,"West Jessica",CA,26769,erinrivera@yahoo.com,1501.2,115.57,Gas,Active,208.152.158.141,115.57,719-507-3785,"margaret hill","5478 gregory rest apt. 428",es-ES,unknown,2017-11-25,2024-11-18,firefox
273,"North Joshua",IA,79417,schneiderchristopher@hotmail.com,1541.1,349.57,Water,Inactive,193.227.114.11,349.57,(25-4)4-7969,"laura hogan","837 david place",es-ES,unknown,2022-03-02,2025-11-18,safari
157,"Port Lorifort",AL,18301,bfrost@brown.com,1062.2,"440.5 USD",Water,Active,142.211.178.125,440.50,900-944-3140,"mark brock","066 dawson ranch",es-ES,"jefferson plc",2017-12-07,2023-01-26,chrome
45,Thompsonfurt,VT,80457,walkertracey@gmail.com,1776.6,272.56,Water,Active,126.181.85.102,272.56,225-008-4428,"leslie rose","43244 wilson parks apt. 39",es-ES,unknown,2019-05-11,2025-01-29,edge
187,Sullivanton,WA,Unknown,jeremyortiz@schaefer.com,1758.4,"365.27 USD",Water,Active,188.156.225.243,365.27,771-730-1394,"james wells","12797 delacruz gateway apt. 180",en-US,unknown,2015-10-24,2024-11-27,edge
72,Erikhaven,VT,78012,thomasboyle@green.info,585.2," $293.07",Water,Active,185.112.242.179,293.07,327-730-3507,"angie caldwell","4990 valdez square apt. 017",es-ES,unknown,2018-03-09,2024-05-28,ie
90,"West Anita",IN,15798,larry73@webb.info,323.3,$344.39,Gas,Active,181.246.225.181,344.39,303-808-1550,"angelica guerra","40105 erica expressway apt. 828",es-ES,unknown,2019-07-06,2024-04-24,ie
196,Reeveshaven,AL,91015,"wallaceangel at stein-moore.com",914.2,"118.62 USD",Electric,Active,169.139.37.77,118.62,915-779-4625,"james johnson","845 kayla courts apt. 307 apt. 407",en-US,unknown,2016-09-28,2025-03-09,chrome
259,Monicaville,ND,87539,lwhite@williams-butler.com,533.3,333.91,Gas,Active,71.119.168.31,333.91,374-791-4763,"brad gordon","779 peterson well apt. 321",en-GB,unknown,2020-04-23,2024-07-25,ie
85,Stewartville,AL,Unknown,jperez@yahoo.com,766.7,"316.82 USD",Electric,Active,75.254.58.31,316.82,211-467-6890,"erin walters","96194 jennifer corner suite 262",fr-FR,wallace-juarez,2018-06-10,2025-04-10,safari
235,Davidville,DC,72303,glasssamantha@wells.com,1228.7,"141.37 USD",Electric,Active,164.156.194.83,141.37,601-387-6412,"carolyn webster","6638 rick trace",en-US,unknown,2018-12-10,2025-08-02,chrome
140,Jamesmouth,IN,26539,lisa19@stevenson.net,1676.5,106.83,Gas,Active,202.188.72.144,106.83,350-323-8357,"melissa phillips","84066 frye spur suite 800",en-US,unknown,2015-06-24,2023-06-10,safari
23,"North John",NM,62994,anthony52@yahoo.com,1150.6," $409.98",Electric,Active,195.231.132.243,409.98,(69-9)4-2454,"jerry christensen","4549 peters path",fr-FR,unknown,2016-11-07,2023-09-19,safari
11,"West Juan",VT,51104,justin78@turner.net,206.2," $44.46",Electric,Active,184.9.47.110,44.46,330-390-1283,"gregory jones","841 joseph coves",en-GB,harris-walters,2015-08-23,2025-09-03,safari
159,"South Darrenland",SC,64046,gordonmatthew@pratt.net,453.4," $402.75",Water,Active,46.183.44.227,402.75,843-936-8482,"debbie russell","769 carrillo throughway suite 779",en-US,unknown,2015-05-27,2023-07-06,safari
32,Smithberg,SD,14278,melissajenkins@yahoo.com,1851.6,50.61,Water,Active,80.246.34.28,50.61,(44-5)3-7722,"veronica allen","662 hanna crossroad suite 171",fr-FR,unknown,2017-08-06,2024-08-02,safari
133,Cherylberg,NM,57826,danielhorton@gmail.com,316.1,"164.72 USD",Electric,Active,30.26.29.121,164.72,260-222-3420,"melissa mendoza","69797 cheryl tunnel",fr-FR,unknown,2015-10-25,2025-03-21,chrome
163,Garciaburgh,IL,98129,linda86@gonzalez-marsh.com,1146.4,"325.45 USD",Water,Active,134.41.207.101,325.45,928-954-4560,"veronica parks","26728 floyd hills suite 890",es-ES,unknown,2016-06-27,2025-10-28,edge
81,Brucefort,NM,72793,iwhite@bernard.com,1494.7," $79.03",Electric,Active,90.83.94.192,79.03,(49-7)2-4357,"nicholas bell","62312 jeffery motorway",en-GB,unknown,2017-05-26,2024-07-09,ie
55,Johnville,OR,78676,carlos88@hartman.info,198.9,115.28,Water,Active,194.136.156.134,115.28,671-906-6928,"jason beck","654 michael cliff",es-ES,unknown,2015-11-19,2024-09-27,safari
162,Michaelfort,IL,52184,astewart@craig.org,1942.5,"137.65 USD",Gas,Inactive,139.131.78.24,137.65,(90-8)7-9238,"michael thompson","5942 young mountains",es-ES,haynes-watson,2020-08-26,2025-05-07,ie
152,"North Gabriel",NC,39939,eleonard@garza.biz,290.2,273.57,Water,Active,25.18.15.109,273.57,690-543-0477,"jennifer rivera","02992 crystal canyon",es-ES,greene-elliott,2017-07-07,2024-03-08,chrome
123,Denisehaven,WI,16903,susanwells@hotmail.com,1760.1,$430.25,Gas,Inactive,212.59.234.193,430.25,454-626-6241,"dana burns","2414 paul estates apt. 333",en-US,unknown,2017-01-04,2025-11-22,chrome
192,"South Jenniferport",PA,45382,changmegan@gmail.com,972.3,82.71,Electric,Active,150.165.136.125,82.71,371-354-6516,"edwin richardson","2145 warren square apt. 901",es-ES,unknown,2017-08-23,2025-02-19,safari
277,"Port Donaldside",NE,Unknown,brownsandra@harper-franco.biz,521.6," $387.71",Water,Active,52.95.23.123,387.71,410-801-4277,"lisa delgado","398 williams streets apt. 416",en-US,unknown,2018-02-10,2024-12-22,safari
327,"Port Thomas",CA,Unknown,allendanielle@gmail.com,740.1,$64.42,Electric,Active,32.225.253.211,64.42,942-772-4977,"rebecca allen","5269 diaz springs",fr-FR,unknown,2017-02-06,2025-07-08,safari
150,Maryview,ND,30766,ccrosby@juarez.com,886.6,$292,Gas,Active,196.79.180.160,292.00,(52-0)8-4919,"christopher fry","3038 hughes motorway apt. 051 apt. 281",es-ES,"thompson, valdez and diaz",2020-06-28,2023-09-23,safari
223,"East Patriciamouth",CO,77065,eramirez@yahoo.com,1828.9,38.88,Water,Inactive,171.39.75.43,38.88,293-316-8362,"paige flores","7881 mckinney springs suite 795",en-GB,unknown,2021-11-12,2025-02-14,safari
25,Shelleyfort,CA,31465,brandon08@terry-martinez.info,823.5,$268,Water,Active,131.110.84.192,268.00,985-577-3749,"christopher smith","94777 lopez center",es-ES,unknown,2018-06-28,2023-02-22,safari
193,"North Danielle",LA,92557,nmorton@gmail.com,1137.1," $175.21",Gas,Active,164.236.162.233,175.21,781-248-7527,"lisa crawford","01071 lauren mall suite 055",es-ES,unknown,2016-01-30,2024-11-16,firefox
62,Meganshire,AK,69130,stacey84@king.net,509.8,"190.48 USD",Electric,Active,214.190.241.55,190.48,(47-9)6-6094,"christopher donovan","49818 brittany prairie apt. 299",es-ES,"williams ltd",2018-12-02,2025-04-29,chrome
16,"Lake Heather",MO,39831,donnacampbell@hotmail.com,1935.4,$161.15,Gas,Active,64.90.216.161,161.15,681-427-4269,"jeremy lewis","34332 brandon mountains apt. 769",en-US,unknown,2017-07-02,2024-01-31,chrome
106,"Lake Lori",OR,55215,aaron64@harris.biz,276.3,$198.87,Water,Active,212.46.195.38,198.87,426-656-7129,"joshua fields","24103 haynes landing suite 191",en-GB,unknown,2015-04-11,2023-08-03,edge
26,"East Johnside",GA,Unknown,davidduran@carlson.biz,895.4,$373.6,Gas,Active,119.132.194.242,373.60,779-242-6688,"robert avery","4964 chelsea streets apt. 334",en-GB,unknown,2022-04-06,2023-01-26,chrome
74,"New Stevenport",AK,51853,frazierjennifer@yahoo.com,672.3,$241.44,Gas,Active,128.49.103.204,241.44,361-650-7809,"brittany murphy","707 william motorway",en-US,unknown,2018-11-15,2023-09-25,safari
43,"West Jacqueline",MA,64460,caroline51@romero.com,1669.4,"248.27 USD",Gas,Delinquent,137.43.8.76,248.27,172-231-2633,"maurice christensen","514 lindsay vista apt. 940",es-ES,unknown,2016-12-20,2023-09-28,safari
4,"Lake Jenniferside",KY,37653,icox@hotmail.com,328.6,$190,Electric,Active,217.100.90.97,190.00,986-994-1916,"kimberly burgess","01226 paul ranch suite 848",es-ES,unknown,2021-05-12,2024-03-11,firefox
48,Fordside,WA,15683,tramos@vargas-bell.com,1702.2,$46,Gas,Active,121.129.131.177,46.00,687-659-6931,"lori  hernandez","7005 jones way apt. 998",en-US,unknown,2022-05-22,2025-07-27,edge
292,"South Jesus",WY,72288,janicebolton@hotmail.com,1396.8,$381.83,Water,Active,195.216.121.138,381.83,883-308-4825,"michael wright","44566 thomas passage apt. 633",es-ES,unknown,2019-02-15,2023-02-13,firefox
30,"South Staceyberg",VT,74340,samuel71@dudley.com,409.5,"225.85 USD",Electric,Active,184.191.229.144,225.85,329-480-1745,"olivia harris","8086 jeffrey ville",en-US,unknown,2016-02-25,2024-08-05,chrome
118,"Port Paulhaven",ND,94491,bakersteven@gmail.com,450.6,"384.59 USD",Water,Active,192.252.199.11,384.59,803-947-7291,"stephen wood","021 elizabeth valley suite 938",es-ES,unknown,2015-12-12,2024-08-06,firefox
112,"Port David",HI,41056,marycochran@weaver-thompson.com,1636.4,284.95,Electric,Active,137.116.29.24,284.95,660-469-6711,"alyssa haynes","39308 smith ridges",en-US,unknown,2017-05-09,2025-05-26,ie
279,Erinstad,CO,50895,xthompson@hotmail.com,418.1,$145,Electric,Inactive,200.226.116.137,145.00,770-939-1665,"robert carey","75370 julia trace",es-ES,unknown,2022-09-15,2024-04-07,chrome
213,"North Jillfort",AK,32184,johnsonbrian@hotmail.com,439.4,39.3,Gas,Active,170.46.230.163,39.30,647-399-2719,"arthur fernandez md","1387 joyce fort",en-US,unknown,2018-12-03,2023-10-26,chrome
260,"Lake John",SC,22844,"nturner at yahoo.com",1401.7,$260.15,Gas,Delinquent,135.116.15.179,260.15,913-609-9794,"matthew stevens","1220 daniel brook apt. 037",en-GB,"lee, turner and ford",2020-01-28,2024-05-07,firefox
206,"Port Tyler",WI,89423,joshua40@rodriguez.com,962.7,$419.21,Water,Active,156.43.253.186,419.21,857-597-9026,"sarah ramirez","2437 lauren wall apt. 512",es-ES,unknown,2015-10-18,2024-03-03,edge
2,"North Donnaport",IN,59797,"jamesmichael at munoz-roman.info",1095.6,$367,Gas,Active,100.244.18.178,367.00,(91-4)6-3265,"daniel gallagher","1849 ray squares",en-US,unknown,2016-02-01,2024-12-05,chrome
323,Grahamshire,MD,64496,casey50@yahoo.com,1894.8," $409.08",Electric,Inactive,18.197.241.68,409.08,767-790-9930,"kylie williams","65726 jessica run suite 987",fr-FR,unknown,2015-09-13,2025-05-10,edge
8,"East Richard",IL,40161,jamesherrera@henderson.info,496.4,$324.37,Electric,Inactive,9.15.145.99,324.37,648-729-8397,"nicholas mcbride","78108 tanya terrace",es-ES,barrera-martin,2021-08-07,2023-01-15,safari
138,Meganside,MD,Unknown,mbarnes@hotmail.com,805.7," $59.19",Gas,Inactive,203.91.209.225,59.19,411-374-5781,"betty hughes","6547 devon rapids",en-US,unknown,2019-06-17,2025-09-28,edge
84,"New Juliestad",CT,63148,karenmarquez@hickman-evans.org,1964.3,307.78,Gas,Active,195.150.57.82,307.78,954-545-5833,"samuel smith","685 campos dam",fr-FR,hall-jones,2019-10-18,2023-06-27,firefox
237,"Port Shawn",KS,Unknown,hallroger@yahoo.com,226.5,$297.35,Electric,Inactive,136.157.108.120,297.35,343-075-0834,"william morgan","994 kelly shores suite 784",en-US,unknown,2021-09-08,2024-11-01,chrome
212,Tommouth,ID,27677,richard15@hotmail.com,1144.3,300.47,Water,Active,198.7.161.171,300.47,761-608-5301,"joseph frey","74328 tammy shore apt. 461",fr-FR,"johnson inc",2020-05-23,2025-09-26,firefox
66,Ericksonport,AK,50642,williamsjennifer@stone-hernandez.net,607.9,35.75,Electric,Inactive,135.3.194.247,35.75,141-508-1566,"christina hicks","9526 wheeler parkways",es-ES,unknown,2020-10-12,2025-08-27,chrome
49,"Port Crystalmouth",MA,76263,vgarcia@miller.info,1455.6," $386.7",Electric,Active,56.189.119.202,386.70,848-799-9984,"john hernandez","892 watson haven suite 659",es-ES,unknown,2021-10-15,2023-07-23,edge
153,Sandrashire,IN,72180,"ajackson at hotmail.com",1341.8,$149.48,Gas,Active,134.242.208.19,149.48,869-220-1790,"claire obrien","298 jackson spur",en-US,unknown,2022-11-14,2024-02-25,edge
248,Guzmanside,MD,31229,jason27@stewart.com,553.6,$187.09,Gas,Active,201.198.11.243,187.09,592-609-3073,"tabitha turner","77656 madison square suite 815",en-US,neal-gill,2015-10-31,2023-05-08,safari
250,"West Georgeshire",AL,39602,vaughansandra@salazar.info,831.2,"163.38 USD",Water,Delinquent,207.161.49.150,163.38,856-821-3353,"james bennett","2069 burke drive",en-US,unknown,2019-04-24,2023-09-06,firefox
271,Smithside,CA,86704,watsonvickie@carter-johnson.com,350.3,$31.54,Gas,Delinquent,116.244.137.244,31.54,(40-4)3-9072,"jacob roberts","604 lewis viaduct",en-US,unknown,2018-05-29,2025-08-07,edge
175,"North Jessicaside",ID,76476,fhebert@owen-brown.net,558.2," $409.71",Water,Active,47.235.187.192,409.71,(75-1)4-0153,"mitchell smith","0948 jessica village suite 138",fr-FR,unknown,2022-01-31,2025-04-09,firefox
276,"New Stephanie",OH,Unknown,kathrynpearson@torres.info,1596.5,$104.43,Water,Active,157.188.219.241,104.43,(41-4)3-3322,"alicia spencer","832 fernandez extension",en-US,unknown,2015-03-19,2025-06-02,firefox
233,"North Andrewfort",NE,47128,jenniferjohnson@gmail.com,1104.1,"153.89 USD",Electric,Active,66.25.70.155,153.89,773-726-2677,"brenda ramos","23423 tina manors",en-US,unknown,2021-06-09,2023-12-17,chrome
69,Derrickshire,IA,13396,stephanie24@gmail.com,560.5,$412.82,Gas,Active,35.92.3.169,412.82,787-340-9674,"kimberly huang","157 burgess forest apt. 848",es-ES,"santiago plc",2017-02-01,2025-11-26,ie
126,Stevenville,AR,Unknown,kellyruiz@green.com,958.8,$65,Gas,Active,204.145.217.142,65.00,522-602-6345,"megan romero","135 julie inlet suite 554",en-GB,unknown,2017-04-10,2023-08-12,safari
141,"West Stevenberg",FL,Unknown,shane12@moss.biz,1766.3," $357.87",Gas,Active,185.163.15.110,357.87,669-212-9561,"kimberly morrison","4842 brandy glens",en-US,unknown,2021-05-09,2023-08-05,ie
130,Cindyberg,CT,92674,stanleydesiree@williams.biz,720.9,$226,Water,Active,202.60.71.180,226.00,289-486-7275,"dawn nichols","1847 jamie spur apt. 461",en-US,unknown,2021-02-04,2025-02-22,safari
200,"Lake Sarahshire",NM,54815,amanda69@allen-sanchez.com,694,$219.38,Electric,Active,61.160.74.181,219.38,328-932-8183,"miguel rodriguez","1539 mueller mews suite 832",en-US,unknown,2019-09-18,2025-10-17,chrome
251,Solomonstad,TX,61131,sophiali@roberts-snyder.com,1483.9,$401,Electric,Active,173.203.140.74,401.00,863-407-3893,"kathleen walker","93436 ricky drive apt. 443",en-GB,"ellis, smith and anderson",2016-03-13,2025-09-23,ie
70,"East Robertburgh",AZ,97535,oconnelltiffany@russell.info,1597.7,386.09,Water,Active,162.251.33.230,386.09,662-376-8292,"gary kennedy","5401 amanda stream",en-GB,unknown,2018-11-24,2024-08-17,safari
231,"New Jamesburgh",CT,73369,ijohns@yahoo.com,1653.2,$350.88,Water,Active,195.21.249.87,350.88,(29-4)6-5492,"carla brown","45650 carter route apt. 495",en-US,"goodwin, stephens and brennan",2020-11-14,2024-11-01,chrome
37,Blankenshipport,MT,46208,bakerdavid@yahoo.com,1465.8,"372.84 USD",Water,Active,66.97.174.250,372.84,348-592-4122,"regina diaz","651 thomas river suite 931",en-GB,unknown,2019-08-27,2025-11-05,safari
