customer_id,name,phone,address,city,state,zip,email,account_open_date,last_payment_date,monthly_usage_kwh,monthly_bill,service_type,status,company,ip_address,browser,language
87,Kathleen Jensen,700.293.9361,657 Jordan View Apt. 459,South Leon,MD,,tayloradam@yahoo.com,"August 29, 2019","April 29, 2023",1460.4,309.29 USD,Gas,Active,Navarro-Chen,195.77.181.31,Safari,EN-us
56,Joshua Li,349-462-4232,3030 Mahoney Passage,Haysside,KS,92306-605,epollard@white.info,"March 15, 2020",23-Oct-2024,964.4,$84.91,Water,Active,,44.59.9.229,Chrome,es-ES
68,Mrs. Jamie Frye DDS,645.481.1939,48434 Bush Spurs,Stewartstad,WY,99051,erica49@yahoo.com,2016-10-17,"October 20, 2023",510.2,$34.96,Water,Active,,211.230.100.133,IE,en-US
300,Miguel Stafford,+1 965 569 8046,0900 Wang Gateway Suite 331,South Anthonytown,ID,44571,ohorton@davidson.biz,18-Oct-2020,06/11/2025,1539.2,$156,Electric,Active,,200.225.220.137,chrome,fr-FR
109,Antonio Norman,3973744799,13721 Martinez Mountain,East Sandrachester,VA,98094,jamesmorales@mccoy.com,02-Jul-2016,08/30/2023,777.9,151.31,Electric,Active,,152.126.163.158,Safari,EN-us
57,Scott Williams,+1 278 860 2479,5277 Glass Path Suite 161,Morrisonburgh,LA,15376,david56 at yahoo.com,01/17/2020,"October 20, 2024",928.5,$235.59,Gas,Delinquent,Garcia-Murphy,155.69.124.91,chrome,en-GB
160,Jennifer Gomez,684.933.6952,5394 Stacey Springs Apt. 733,Port Joseph,ID,54742,john16@goodman.com,25-Dec-2018,05-Dec-2025,1798.9,$321.9,Gas,Active,,27.100.147.133,chrome,fr-FR
176,Theresa Hansen,9648050705,612 Andrea Parkways Suite 289,Mahoneymouth,MD,,mirandabarbara@hotmail.com,09/05/2017,11/18/2025,1154.4,211.87,Water,Active,,155.142.193.65,chrome,es
258,Jose Mcpherson,665.382.7346,24386 Carroll Plaza Apt. 081,Gutierrezmouth,VA,45349,sarahrose@warren.info,08-Apr-2017,2023-09-18,597.2,$317.65,Electric,Inactive,,193.181.254.139,Safari,es-ES
93,sharon crane,941.887.4555,7677 Christopher Burgs Apt. 404,New Keith,NH,12009,jamescruz@hotmail.com,05/17/2017,"August 29, 2023",1422.3, $413.21,Gas,Delinquent,,203.63.179.54,safari,es-ES
298,Kathy Chan,+1 909 607 4476,0176 Reese Walks,South Benjamin,DE,22488,nmartin@hotmail.com,2021-03-31,17-Apr-2023,1821.0,$420,Water,Delinquent,,197.78.246.4,IE,es
165,Brianna Jackson,598.443.9370,25355 Page Rapids,Nelsonmouth,MN,60014,kwelch@yahoo.com,"May 07, 2019",2024-10-02,446.0,25.58 USD,Gas,Inactive,,207.154.48.240,chrome,es
268,Kimberly Lewis,+1 905 315 8847,46810 Green Parkways Suite 101,Evanstown,MA,62642,katherine20@gmail.com,12/04/2021,02-Jul-2025,1235.9,$59.77,Electric,Active,Trujillo PLC,202.119.185.153,safari,es-ES
281,Monica Hill,6610914579,6418 Simpson Path Apt. 304,Patelmouth,MO,29316,erin70@davidson-hahn.com,2020-02-06,08-Sep-2023,1275.3,230.42,Electric,Active,,96.51.246.51,safari,en-US
290,Kelly Webb,380.859.1691,33736 Kevin Lane,Port Neil,CO,,zadams@hotmail.com,10-Dec-2015,2024-09-02,1798.7,$407,Water,Active,Walton LLC,183.93.157.95,safari,es
220,nicholas fitzgerald,476-622-4646,78068 Mendoza Union,South Tylerland,WV,67577-987,markriley@shah.biz,"December 02, 2021","October 27, 2024",839.5,$402,Electric,Active,,58.6.7.214,chrome,es-ES
294,Amanda Taylor,+1 934 632 2644,637 Mark Mission,Christopherville,OH,88920,nbaird@yahoo.com,21-Feb-2021,2025-07-17,1278.8,347.65,Water,Active,,95.69.112.212,chrome,es-ES
78,Jennifer Evans,5609912042,668 Paul Glens,West Deborah,MN,86507,oallen@mathews-thomas.info,2018-06-14,29-Aug-2025,1176.4, $435.84,Water,Active,,44.48.217.213,IE,es
224,Angela Martin,5772648626,5670 Lopez Brooks,Port Stacey,MA,43175-112,tylergolden@crane.net,"February 22, 2020",2025-10-18,513.9,$281,Water,Active,,186.113.26.37,Edge,en-US
19,Ross Price,+1 676 652 8244,3467 Paul Skyway,Ramseymouth,DC,32241,wwoods@molina-castaneda.biz,2022-05-22,04-Aug-2024,1362.0,60.16,Electric,Inactive,"Ferguson, Meadows and Vargas",221.183.50.32,Chrome,en-GB
207,Carol  Lane,511-279-4537,76747 Noah Squares,Wellsberg,NE,34832,maykarla@gmail.com,03/02/2017,"January 02, 2024",748.0, $340.83,Gas,Active,,111.46.94.137,Chrome,en-GB
12,Sarah Davis,834-283-7868,78680 Charles Spurs Apt. 805,South David,MN,97782,bradley52@hotmail.com,07/10/2018,"June 27, 2024",941.6,76.28 USD,Electric,Active,,5.174.60.155,IE,en-US
119,Cynthia Evans,446-711-2163,72233 Brad Common,Harrisberg,PA,27299,shawrachel@hotmail.com,"May 04, 2019",01/18/2025,82.5,$347.97,Electric,Active,Flores-Acosta,89.110.67.165,Chrome,fr-FR
120,Shannon Stone,2787771674,148 Humphrey Greens,Penashire,NJ,77017,jrodriguez@knight.com,04/12/2017,"October 31, 2024",654.8,$272.17,Gas,Active,,89.202.83.79,Chrome,en-GB
143,Gregory Allen,2301794412,588 Tucker Hill,West Willie,GA,77698,flemingmanuel@cruz.com,2019-03-12,11/21/2025,836.6, $48.22,Water,Inactive,"Ferguson, Sims and Clark",195.178.99.246,Safari,en-GB
50,Nathaniel Douglas,+1 881 461 7132,148 Schneider Isle,Lake Jacqueline,TX,21188-195,christopher25@ponce-hale.biz,2019-11-04,02/02/2025,1915.4, $259.24,Water,Active,"Davis, Santiago and Romero",102.184.150.215,Firefox,es
181,Yolanda  Warren,407-735-9263,3559 Kayla Extension Suite 979,South Brady,IN,90576,adamsrussell@glass.biz,2021-09-22,2025-12-24,1808.9,60.07,Water,Inactive,,41.251.194.146,safari,es
252,Michelle  Erickson,660.216.1606,5990 Jon River,Turnerfurt,MN,37745,davisbrian@yahoo.com,"May 02, 2022",11/02/2023,1484.1,$417.67,Gas,Active,,12.84.57.86,IE,en-US
129,Rodney Evans,1280377032,2575 Frederick Valleys Suite 033,East Jessica,NY,60165,mluna@hotmail.com,"August 30, 2022",20-Dec-2023,586.2,112.33,Gas,Inactive,Martinez Ltd,195.128.50.113,IE,EN-us
13,Mary Gomez,450-578-5669,0256 Joseph Turnpike,South Monicafort,ID,95717,sarayoung@gmail.com,2020-12-06,2024-09-05,565.7,423.74,Electric,Active,Bailey-Hoover,76.92.61.13,Firefox,EN-us
238,Oscar Greer,791.657.4205,49911 Sparks Flats Suite 778,Amyside,AK,99071,stantonpatrick@hotmail.com,"June 01, 2018",2024-12-06,1973.5, $270.57,Gas,Inactive,,8.121.254.74,Chrome,es-ES
27,David Mann,993.695.8616,1832 Serrano Cliffs,East Laurashire,LA,21359,mcdanielsandra@hotmail.com,"February 16, 2018","May 14, 2024",706.0,$265,Gas,Inactive,Martinez-Barker,216.182.61.164,Safari,es-ES
225,Mr.  Joseph  Kelley,412.250.4028,5402 Mitchell Expressway,Lake Amanda,HI,,ashley42@yahoo.com,13-May-2015,2024-11-09,1987.8,$41,Electric,Active,,202.78.149.143,chrome,es
29,Jason Morris,+1 560 919 8434,1545 Tara Lodge,Lake Mollymouth,AR,,marksteele@bates-morales.net,27-Feb-2017,09/02/2023,589.2,$102,Water,Delinquent,,63.231.79.153,Firefox,en-US
190,Charles  Hammond,982-754-1692,94077 Stephens Avenue,Youngshire,NJ,85303,uparker@roberts-white.com,"January 30, 2018",10-Jan-2024,300.1, $191.09,Water,Inactive,,133.20.248.95,IE,en-US
102,Andrew Brown,(475) 508.5397,88924 Kyle Pass Apt. 285,Willisland,UT,73469,courtney86@yahoo.com,12-Nov-2015,05/30/2024,1207.9,$330,Electric,Active,Blair-Mathis,91.206.148.69,Chrome,fr-FR
229,Jason Rocha,+1 888 690 8774,64870 Davenport Hollow,Hansenmouth,AK,80381,angelapage@gmail.com,"October 04, 2018",2025-04-27,1151.6,379.1 USD,Water,Active,,83.53.249.189,Safari,EN-us
71,Tonya Howe,9239340792,87431 Martin Mount Suite 205,Ashleyborough,RI,72739,evanscarrie@mitchell-hays.net,"November 23, 2020",2025-04-18,1302.6,73.89 USD,Gas,Active,,197.181.247.215,Safari,EN-us
218,Casey Floyd,338.640.3378,3531 Perez Freeway Suite 363,South Brendaton,NE,79856-836,jonesjoe@yahoo.com,04/29/2016,10/12/2024,1766.3,332.64 USD,Gas,Delinquent,,93.30.146.10,chrome,es
299,Julie  Murray,+1 604 887 7076,124 Amanda Lock,North Emily,TX,,jenniferkim@hoover-skinner.com,04-Jan-2017,"December 14, 2023",307.2,$420,Gas,Active,,150.234.229.179,Firefox,en-US
191,Adriana Khan,915-730-8537,20994 KNAPP CAUSEWAY APT. 622,Cherylshire,OH,23205,brandonhernandez@hotmail.com,25-Aug-2018,06/15/2024,575.3,255.88,Water,Active,Burch Ltd,209.37.154.6,Edge,en-GB
182,Sarah Rodriguez,639.434.8899,7053 James Pike Suite 879,Lake Holly,MS,85513,stacymcintosh at smith-benson.com,"February 05, 2016",02-Oct-2023,1824.7,225.17,Electric,Active,,196.44.134.140,Edge,es-ES
245,Dominic Johnson,7611350152,01594 Rachel Lodge Suite 162,North Ashley,DE,59781,dawnwilliams at hotmail.com,"August 31, 2022",29-Aug-2025,73.1,$82,Gas,Active,,201.1.217.248,IE,es
86,Justin Hunt,9961135562,1839 Gina Extension Apt. 444,Thomasburgh,KY,20730,davisangela@george.com,"November 22, 2020",17-Dec-2025,268.8, $53.58,Water,Delinquent,Evans-Patton,143.200.33.176,IE,en-GB
227,Tracy Webster,5558545314,69375 Mark Rest Apt. 983,Jamesland,NV,56380,hmorgan@mendoza.com,"June 15, 2016","November 30, 2025",1773.1,231.78,Electric,Active,,200.89.121.86,Chrome,en-US
144,Christine Poole,(480) 577.8605,11024 Bailey Forks Suite 667,Hamiltontown,TX,,burgesseric@yahoo.com,05/06/2015,"February 01, 2025",1923.0,275.44,Gas,Active,,36.12.21.173,Safari,es-ES
98,mariah williams,9611106584,71293 Smith Square Apt. 10,Lisachester,DC,,rubendavis@gmail.com,13-Nov-2019,2023-07-15,977.2, $118.8,Electric,Delinquent,,152.132.55.189,Firefox,EN-us
198,Michael  Campbell,+1 493 680 9767,016 Christopher Lock Apt. 997 Apt. 945,Larryborough,WV,66418,charlesaustin@fernandez-williams.com,04/14/2018,15-Jan-2023,902.4, $101.09,Electric,Active,,194.80.110.66,Edge,fr-FR
5,Jesse Mckay,(721) 705.2489,893 Nathaniel Estates Apt. 957,North Sarahport,AR,99192,williamrodriguez@hotmail.com,2019-09-26,"February 27, 2025",1081.8,$276,Water,Inactive,Humphrey Inc,36.109.250.82,chrome,en-US
297,Rhonda Thompson,+1 494 964 9096,0324 Estrada Cliff,South Robert,OH,47089,rachelquinn@cruz-hopkins.org,08/05/2022,05/06/2025,106.1,195.67,Gas,Active,,11.39.47.106,Safari,es-ES
83,Shannon  Malone,(237) 606.9116,6591 Jerry Ways,Nelsonland,KY,14910,jgray@brown-smith.com,07-Feb-2015,08-Aug-2023,1072.4, $142.36,Electric,Inactive,,204.67.98.2,Safari,en-US
158,Megan Ward,827.255.1190,011 Barber Points,Michaelview,PA,31679,christopherhill@gomez-foster.org,"November 03, 2015",10/18/2024,148.2,162.28 USD,Electric,Active,,123.59.77.135,safari,en-GB
154,Joseph Blankenship,4753910715,811 Hopkins Rapids,Port Erikachester,MT,63707,catherinethompson@hotmail.com,04/24/2018,"March 22, 2023",694.7,$411,Electric,Active,Golden-Wolfe,158.219.28.74,Chrome,EN-us
10,Todd Hudson,(277) 653.2604,6247 Hickman Cliffs Apt. 554,South Christineshire,CA,40982,barnesbrandy@stewart.com,"November 12, 2016","September 21, 2025",1809.8,$112,Electric,Active,,216.124.133.149,Firefox,fr-FR
88,Robert Long,270-683-1519,1672 Allen Shoals Apt. 661,Ewingfort,MO,,brittanygardner@saunders.com,"March 12, 2022","February 05, 2025",782.5,$213,Water,Delinquent,,207.88.174.8,Safari,es
17,Shannon  Mcclure,471.239.2776,83172 Contreras Points Suite 798,Rivasside,GA,77033,gregoryrubio@hotmail.com,"April 18, 2016",25-Jan-2024,53.3,$39,Water,Active,,192.249.155.226,chrome,es
232,Melissa Davis,903-808-2426,5213 Wesley Village Apt. 898,South Stevenland,DC,,alexanderholmes at yahoo.com,23-May-2022,16-Feb-2023,675.7,294.71,Electric,Active,,125.63.13.29,safari,fr-FR
151,Jamie  Solomon,(218) 892.1067,272 Chris Row,Jasonburgh,MN,26899,lisa57@yahoo.com,"February 25, 2016",27-Oct-2025,631.5,$91.82,Gas,Active,,202.60.149.199,IE,es-ES
1,allison hill,(342) 954.2679,908 Jennifer Squares,Robinsonshire,AL,,jillrhodes@miller.com,2019-09-25,2023-03-03,1223.9, $114.01,Water,Active,,53.198.170.29,IE,fr-FR
247,Sherry Giles,+1 457 397 1557,034 Parker Squares Apt. 95,Rebeccaville,IA,38419,tbaldwin@gmail.com,2021-09-21,2023-09-03,783.1,388.27,Water,Active,,153.38.130.254,Chrome,es
76,courtney smith,(470) 944.6992,10690 Jamie Courts Apt. 790,Lake Bradley,IN,35513,steven86@gray.com,24-Jan-2019,"May 31, 2023",595.5, $236.83,Water,Active,"Robinson, Shields and Brown",198.39.126.64,Chrome,fr-FR
256,Debra Barrett,4396810789,04501 Davis Glens Apt. 116,East Tammy,MO,72182,douglasstephanie@yahoo.com,07/30/2020,2023-11-24,605.9,43.23 USD,Gas,Active,,77.83.133.123,safari,fr-FR
60,Chad Jones,989.752.9626,2258 David Flats Apt. 370 Apt. 345,Angelastad,OH,30218,zosborn@ponce.com,10/26/2016,"December 06, 2023",1368.9,38.79 USD,Electric,Delinquent,,37.132.141.242,safari,es
108,Robert Torres,402.660.8037,442 Stephanie Walk,Hawkinsside,CT,18200,marymurphy@dawson.biz,2021-06-22,18-Jan-2024,272.2,$160,Water,Inactive,,136.242.94.135,chrome,es-ES
293,Brady Singleton,(653) 597.1128,2924 Vincent Shoals,Matthewchester,TX,21829,cclark@hotmail.com,22-Aug-2017,03/06/2024,1765.0,413.83 USD,Water,Active,Farmer-Vaughn,129.124.194.241,safari,en-US
156,Richard Olson,581-550-3996,621 Sean Squares Apt. 138,Hartmanside,UT,72684,tking@hotmail.com,09/24/2019,08/20/2023,1964.1,$319.35,Electric,Active,,202.82.76.64,Edge,EN-us
114,Nicholas Rush,612-727-5558,917 Mark Club,West Toni,SC,86278,whitelucas@hotmail.com,2015-01-11,27-Jul-2025,825.5, $385.55,Gas,Inactive,,26.190.117.170,Firefox,es-ES
164,George Ward,735-309-1414,982 Kelly Spring,Hamptonmouth,CO,,andrew15@hotmail.com,12/29/2017,09-Aug-2024,1396.7,$82.96,Gas,Active,,190.215.14.154,Firefox,fr-FR
170,Calvin Gonzales,(750) 919.8130,0512 Joseph Lock Apt. 872,Port John,AL,70191,christophersmith@peterson.info,2018-09-20,2023-06-29,1138.3,43.34 USD,Water,Inactive,,13.253.223.250,Edge,fr-FR
194,Joshua Wang,(999) 491.6818,770 Timothy Road Suite 857,Reillyton,NC,20277,matthew99@collier.com,10-Apr-2019,08/07/2025,872.5,393.35 USD,Water,Active,,186.24.153.105,Chrome,en-US
172,Melissa Barker,(505) 893.7113,2812 HALL POINT,Lindamouth,ID,15475,kelli32@davis-montgomery.com,"January 21, 2015",24-Jun-2023,462.9,110.32 USD,Water,Inactive,Norris LLC,209.67.125.122,Safari,en-GB
39,Donald Donaldson,(619) 870.3529,53293 Maria Plaza,New Jason,IN,62098,batesdarlene@hotmail.com,2022-04-15,"November 03, 2024",1751.1,$430,Electric,Active,Schroeder-Kramer,212.161.72.175,chrome,es-ES
211,Randy Robinson,849-996-7266,72006 HERNANDEZ ISLE SUITE 908 APT. 537,Mendozafurt,VA,75850,gbaldwin@jones.com,10/29/2022,2023-11-10,1943.5,$310,Water,Active,Fernandez Inc,175.237.162.204,Edge,es-ES
91,Jessica Johnson,(876) 733.4621,182 Nguyen Mount,West Emilyfort,SC,32955,yvargas@bush.com,"January 08, 2022",2025-10-12,1582.3,$438,Gas,Active,,188.143.184.114,Firefox,fr-FR
105,John Campbell,237.568.9796,9493 Richardson Park,Lake Rachel,WY,,christopher70@yahoo.com,13-Oct-2017,2023-12-07,1935.3,$262,Gas,Delinquent,,90.62.8.24,Chrome,en-US
283,Steve Steele,8138634432,046 Davis Terrace Apt. 571,Halltown,MS,31514,ellisonscott@bishop-reynolds.com,"July 06, 2020",03-Oct-2023,1539.8,$328,Water,Active,,161.158.213.154,chrome,EN-us
18,David Walsh,521.879.3041,5581 Edward Lights,Lake Jason,MT,62743,joshuajones@yahoo.com,26-Oct-2022,09/18/2023,1370.8,$201,Electric,Active,,189.78.5.197,IE,en-US
100,Leah Cruz,+1 230 849 5478,89994 Melanie Shoals,Jamiehaven,WA,59207,kylie34@hotmail.com,11/04/2019,2025-02-17,1606.2,352.03 USD,Water,Active,,131.126.15.132,Edge,es
135,David Stevens,925-886-6500,016 Johnson Plaza Apt. 199,Pamelaside,SD,43640-905,gatessergio@gmail.com,2016-03-18,"April 09, 2023",1939.7,$208,Gas,Active,,218.232.71.16,IE,fr-FR
116,Angela Jackson,(253) 605.6005,970 Dunlap Expressway Suite 201,Jamieborough,UT,22475-101,jessicapayne@gmail.com,"May 24, 2017",06/09/2023,1376.0, $275.28,Electric,Active,,203.195.232.100,Chrome,fr-FR
42,Stephen Gutierrez,874-605-5497,4527 Christopher Corner Apt. 615 Apt. 886,New Brian,OH,89482-863,gperry@yahoo.com,27-Jul-2020,16-Apr-2024,1260.7,114.17,Water,Inactive,,189.37.88.39,chrome,en-GB
254,Tammy Fields,(975) 625.3753,4276 Wanda Park,South Michaelside,NH,15334,lopezbrian@gmail.com,2016-06-30,02/09/2025,207.4,$27,Electric,Active,Rodriguez-Cortez,69.253.46.23,chrome,EN-us
221,Brandi Phillips,733-311-8399,62570 Paul Spurs Suite 804,Mullinsside,WY,80499,castillokevin@stevens.info,2019-06-09,2025-03-04,826.2,$102,Gas,Inactive,,18.151.55.105,Safari,fr-FR
107,Dean Edwards,6172127903,91212 Owens Lodge,New Michaelborough,ME,,louis43@gmail.com,2018-11-06,12/03/2023,362.3, $241.88,Water,Active,,135.172.169.238,safari,fr-FR
6,Kim Martinez,500-645-3591,346 Kim Path,Martinezbury,MA,75612,josephbrennan@yahoo.com,2017-01-01,09/03/2024,1101.8,85.72,Water,Delinquent,,46.186.51.36,Edge,en-US
117,Elizabeth Davis,305-520-7022,49731 Jamie Route Suite 171,Kristenfort,TN,27451,xhernandez@gmail.com,03/12/2022,2023-05-21,908.2,282.44,Water,Active,,152.205.62.138,Edge,EN-us
38,Johnathan Davis,8445505799,179 Crosby Harbors Apt. 537,Sampsonstad,TX,63841,qchavez@horton.com,28-Jun-2015,"August 26, 2025",1015.9,186.01,Electric,Active,,187.122.65.147,Firefox,en-US
104,Brian Berry,944-672-4434,20863 Wright Stravenue Suite 419,Davidton,IN,63627,joycesmith@sanchez.com,"July 19, 2022",13-Oct-2023,1444.7,124.07,Gas,Active,,198.230.163.2,Edge,EN-us
103,Logan Brown,+1 640 866 3230,52410 Roman Groves Apt. 491,Gibsonstad,NM,33283,smithderrick@martin.net,20-Jun-2019,"August 19, 2024",685.5,436.14,Gas,Inactive,,213.8.174.240,Chrome,EN-us
65,Adam Rodriguez,220.599.8702,8416 Duran Harbors Apt. 397,East Theresafurt,WY,18855-453,jessica65@morales.net,2017-09-14,11/11/2024,710.2, $39.06,Water,Active,,187.179.12.34,Edge,es
136,Anthony Walker,(366) 662.2207,711 AARON KNOLL SUITE 885,North Pennyfort,VT,,ann99@yahoo.com,2017-12-05,01-Jun-2023,363.8,$93,Electric,Active,,203.155.97.212,Chrome,es-ES
185,Megan  Salas,645.290.2049,232 Michelle Inlet Apt. 629,West Carlos,VA,62513,jallen@waller-browning.com,19-Nov-2021,04/28/2023,70.9,$295,Water,Delinquent,,73.80.62.255,Safari,en-US
34,Joseph Knight,801.221.5415,74740 Santana Springs,North Scott,OR,67963,gregorylynch@harvey-allen.org,02/13/2018,"June 11, 2025",728.5,$437,Gas,Active,Fowler-Coleman,147.85.246.32,Safari,es-ES
188,Natalie Wheeler,1617511527,086 James Mill Suite 447,South Kelly,AR,98724,hayesmargaret@rich.net,11/12/2022,"October 08, 2024",1094.5, $430.84,Water,Inactive,"Black, Thomas and Gallegos",135.62.52.15,Chrome,fr-FR
257,Richard Mitchell,696-727-2901,158 Tracy Loaf Suite 499,Davischester,MN,64927,evanslaurie@drake.com,25-Mar-2017,2024-04-16,512.4,$160.24,Gas,Inactive,,221.161.238.156,Safari,en-US
147,Craig Carpenter,(258) 814.7620,57759 Steele Drives,Lindseychester,AL,48745,david31@yahoo.com,"November 28, 2017","April 08, 2025",1430.7, $336.79,Water,Inactive,,142.45.122.38,chrome,en-GB
205,Lisa  Sanchez,(528) 938.2037,5442 Heather Ranch Suite 940,Laneshire,TN,75214,chloe58@harrison.info,03/08/2021,02-Aug-2024,265.4,196.22 USD,Water,Active,Lamb-Weber,136.29.215.57,Safari,en-GB
280,Johnny Cox,9807110812,36149 Jackson Fields,North Brianna,CA,23332,tconway@hotmail.com,2016-11-22,01/14/2025,1695.9, $165.61,Gas,Active,,107.165.190.206,chrome,fr-FR
264,Carrie Villarreal,392-668-2430,5084 Melissa Well Apt. 077,North Kimberlyville,OH,24334,morgandaniel@martinez.info,05-Nov-2016,08/18/2023,1065.3,233.42,Water,Active,,42.176.226.244,chrome,EN-us
20,Joel Williams,399.935.7291,4170 Zoe Keys Apt. 100,East Mary,FL,23970-897,jason55@yahoo.com,10/08/2019,"December 27, 2023",1839.1,41.59,Electric,Active,,71.82.40.28,chrome,EN-us
15,April Frost,566-415-5088,656 Spencer Fields Suite 629,Richardtown,LA,91351,ryan59@alvarado-martinez.com,09/25/2016,11/29/2023,399.8,$399.01,Gas,Inactive,,117.39.238.207,chrome,es
89,Rachel Ward,(945) 428.1056,6101 Walker Summit Apt. 756,Bartonshire,NY,65591,mackdiane@jackson-salazar.org,"December 18, 2020",04/15/2024,587.5,218.07,Water,Inactive,Cooper Inc,154.159.87.101,chrome,fr-FR
208,Ethan Moreno,814.653.6772,4149 Murray Spring Apt. 938,Ericaburgh,OH,64046,hardindana@bishop-pearson.com,"February 06, 2022",10/24/2024,781.4,262.15,Water,Delinquent,,36.89.83.44,Edge,fr-FR
289,Pamela Matthews,5984452639,973 Kristen Turnpike,East Williamhaven,NM,41258,markbrown@yahoo.com,04/10/2016,2024-01-29,955.1,125.6 USD,Water,Delinquent,,218.76.96.5,Chrome,en-GB
44,Jennifer Thomas,(972) 431.7511,910 Eric River Apt. 147,Tuckermouth,KY,11824,reesejason@chavez-moore.com,2017-12-19,20-Jul-2025,1189.9,309.32 USD,Water,Delinquent,Fischer Inc,146.32.181.207,Safari,fr-FR
169,Patrick Lamb,+1 225 729 7143,797 Graves Overpass,West Andrew,ND,95397,melissawhite@yahoo.com,27-Feb-2017,2025-11-18,1944.7,427.73,Water,Active,,70.139.166.25,Safari,es
241,Anthony  Sanchez,475.620.9948,76986 SMITH MOUNTAINS APT. 569,Morrisville,NM,,brittany14@morgan.net,02-Jun-2020,"August 20, 2023",327.1,$433.55,Water,Active,,45.45.154.23,safari,es-ES
128,Jeffrey Jordan,(324) 212.2010,505 Andrew Avenue,East Heather,ME,,creyes@hotmail.com,29-Jun-2019,22-Jun-2023,92.5,$414.49,Electric,Active,,83.151.99.196,safari,en-GB
261,Christian Park,1588381587,49605 Curtis Vista,Pettyfort,OR,58551,csmith@hotmail.com,"January 11, 2022",2023-01-03,1085.3,185.5 USD,Gas,Active,,203.202.112.51,IE,EN-us
41,Dr. Jessica Rodriguez DDS,5816014770,49985 Vang Pines Apt. 824,Shawnchester,WY,19681,lammarc@gmail.com,15-Dec-2019,"September 04, 2024",1698.3,$317,Electric,Delinquent,,214.225.120.12,Chrome,en-GB
77,Monique Flores,(403) 816.9341,4408 CONNIE MEADOW,Williamsstad,TN,,kevinthomas@hotmail.com,"September 26, 2018","November 29, 2025",322.6, $84.04,Water,Active,,165.25.137.77,IE,es
284,Timothy Logan,5631170553,392 Kelly Orchard,Lopezberg,AZ,47281,briana11@gmail.com,2018-08-05,2023-02-27,730.3,75.13 USD,Water,Active,,91.228.239.138,chrome,es-ES
171,William Wright,747-206-2036,08814 Little Flat Suite 031,Lake Ryan,GA,75907-208,stevenwise@wade.com,02-Apr-2018,27-Jun-2023,793.8,$349,Water,Active,Richards-Foster,66.176.4.245,Safari,en-GB
286,Erin Lane,+1 586 784 7394,3033 Hanson Garden,Navarromouth,WA,36988,robert21@yahoo.com,"October 08, 2018",26-Oct-2025,758.5,91.65 USD,Gas,Active,,139.202.169.122,safari,en-US
168,Joseph Chang,+1 423 970 9691,9308 Lopez Points Suite 632,Claytonbury,CO,25036,justin80@weeks.com,02-Jul-2022,07/01/2025,1841.3, $408.93,Electric,Delinquent,,184.179.30.121,Firefox,fr-FR
124,Lindsay Smith,448.675.7033,4374 Silva Avenue Suite 899,Kennethville,CA,81638,jennifer46@yahoo.com,10/01/2017,"January 14, 2023",725.5, $30.28,Water,Inactive,,172.211.60.46,Chrome,es
97,Bianca Phelps,(309) 298.9591,27706 Wendy Curve,Erikview,SD,45038,williamsconnie@yahoo.com,2019-06-14,"February 03, 2025",1981.0,217.37,Electric,Active,,151.204.73.207,Chrome,es
263,Edward Dawson,(971) 962.4693,172 James Rest Suite 167,Jimmyside,AK,17138,laura29@gmail.com,17-Sep-2015,"December 08, 2024",1667.6, $229.08,Gas,Active,,171.109.156.232,IE,es-ES
9,Rachel Mitchell,790.684.4981,500 Shaw Walk,North Susan,HI,66498-462,jamesrobinson@gmail.com,"October 01, 2019",2025-08-14,168.2,$309.55,Water,Active,,47.13.148.165,Safari,en-GB
236,Amanda Murphy,7356168265,6317 White Spring Suite 167,North Douglasfurt,OR,54658,mcampbell@collins.net,"May 02, 2017",10-Jun-2025,387.5,254.15,Water,Active,,42.204.92.119,IE,fr-FR
189,Kevin Shannon,6479608458,45211 Jasmin Roads Suite 186,South Andrea,WI,34925,cgutierrez@white.com,08/05/2020,04/25/2024,497.0,395.28,Electric,Inactive,,5.51.98.63,safari,en-US
253,debbie gordon,+1 299 667 3796,41502 Savage Village Suite 564,Chloeview,MD,87984,uanderson@hotmail.com,11/26/2021,05/10/2023,682.3,$203,Water,Active,Stafford-Stewart,162.107.148.149,safari,en-GB
31,John  Kennedy,(776) 511.2395,46584 Justin Hills,Grimesmouth,NJ,91057,patrickweeks at hotmail.com,"July 13, 2017","July 11, 2025",1980.6, $147.86,Gas,Active,Cook-Hines,148.152.0.7,chrome,en-US
177,Erica Allen,470-578-4834,049 Zachary Hollow Apt. 212,West Traceyborough,MD,69591,vcannon@ward-chavez.biz,2015-07-10,2024-10-25,1285.5, $322.61,Gas,Inactive,,24.212.164.12,IE,EN-us
320,Phillip Nelson,478-653-7947,8536 Nicholas Burgs,Sarahmouth,FL,24918,odavis at wilkerson-arias.biz,"November 14, 2018",16-Aug-2023,998.9, $311.63,Water,Active,Johnson Group,193.240.47.51,IE,en-US
28,Katherine Miller,+1 769 210 9464,490 Thomas Run,Moonburgh,NE,41499,mnavarro@johnson-perez.org,"September 29, 2022","October 02, 2025",623.8,$360.96,Gas,Active,,193.46.183.83,IE,es-ES
122,Rodney  Figueroa,708-666-9368,89023 Mary Gateway Apt. 705,West Micheal,NY,43438,robertsonerik@yahoo.com,2016-02-26,2024-04-12,526.9,$38.94,Gas,Active,,179.246.196.53,Safari,en-US
246,Brandon Greene DDS,5459668515,12347 King Radial,South Amandaville,ND,70438,marisa63@yahoo.com,07/28/2022,04-Feb-2024,660.9,311.42,Electric,Active,,143.196.36.227,Chrome,fr-FR
174,Kathleen Arnold,573.523.8017,22031 Lee Bypass,Barretthaven,UT,93995,robert51@gmail.com,22-Nov-2019,01/06/2025,1761.9,312.22 USD,Gas,Active,,219.185.44.18,Edge,EN-us
47,Christopher Dixon,(536) 992.3417,3292 Gregory Trail,Marshallshire,OR,27038,rebeccabailey@mullen.com,21-Jan-2021,2023-12-24,307.0,$304.25,Gas,Inactive,Maldonado-Macias,201.74.247.25,Firefox,en-US
249,Brandy Morales,4759241286,657 Russo Dale,Glennshire,MD,19557,barbara12@gmail.com,16-Oct-2015,2025-07-02,1323.1,405.5,Electric,Delinquent,,154.135.28.6,Firefox,en-GB
183,Antonio Gonzalez,732-207-7144,451 Kelly Run Suite 368,West Toddside,HI,30287,marshallsierra@gmail.com,12-Oct-2019,"June 19, 2024",587.3, $262.81,Water,Active,Mason Group,196.22.1.18,IE,EN-us
33,Michael Santos,(273) 261.3718,091 Crystal Heights Apt. 161,South Garrettport,AK,67560,ofinley@hotmail.com,"May 24, 2016","September 14, 2024",1103.0, $425.35,Gas,Active,Nguyen Inc,155.144.95.81,Edge,es
35,James Webb,237.665.2442,90974 Catherine Knoll Apt. 394,Lake Colton,SD,77449,karmstrong@haney-phillips.biz,"January 05, 2015",2025-04-26,1264.1,100.66 USD,Gas,Active,,111.13.156.159,Safari,es-ES
282,Courtney  Norris  DVM,+1 356 510 2578,3173 Wall View Suite 831,Duranmouth,DE,71082,frankcollins@garrett.com,07-Apr-2017,"October 16, 2025",720.1, $237.06,Water,Active,,12.68.73.176,Chrome,fr-FR
61,James Love,4494966219,1778 Anderson Village,Port Tammy,NY,60052,khammond@gmail.com,"August 21, 2020",11/28/2023,1752.4,364.54,Electric,Active,,20.229.128.177,IE,en-US
226,Bruce Chaney,568.236.2525,57828 Martinez Burg Suite 727,Ericside,MA,66010,lgreen@hart.com,2021-03-04,"August 22, 2024",692.0,77.85 USD,Gas,Active,,202.242.164.107,IE,en-US
234,Kayla  Brown,806.844.8304,50124 Bell Walk,New Ashley,OR,97932,bradley40@patton.com,2020-12-25,08/11/2025,239.7,$60,Gas,Active,,44.66.80.132,Edge,fr-FR
64,Derek  Wright,2219032752,27877 Jimenez Course Suite 873,New Michael,LA,85372,robertspatrick@barnes.com,09/17/2017,"August 19, 2024",519.1,20.67 USD,Gas,Active,,191.15.12.40,IE,es-ES
285,Marissa Howard,877-450-5056,38806 Gonzalez Flats,Port Casey,TN,,terrancemorrison@wood-smith.org,2022-09-19,2024-09-16,1099.9,$165.17,Electric,Active,,190.244.245.218,IE,EN-us
155,Jane Chapman,462-859-4787,3009 April Lane Apt. 565,East Ronaldshire,KS,32898-995,eanderson@kent.com,11-Jun-2015,07-Jan-2025,235.2,$203.18,Electric,Active,"Henderson, Diaz and Hill",214.132.168.147,chrome,en-GB
240,Jenna Simpson,863-216-3359,025 Pacheco Prairie,Port Patriciamouth,CT,21097,katie45@gmail.com,"July 16, 2016","July 22, 2025",1043.4,$288,Water,Inactive,,150.223.21.250,Safari,en-GB
204,Darius Coleman,391.756.6696,97519 Nixon Common,Lake Jessica,WV,82682,pbradford@shaw.com,2016-10-18,12/23/2025,1106.1,213.24 USD,Gas,Active,,133.1.203.182,Edge,es
46,Scott Williams,+1 301 902 7018,0529 Collier Lake,South Meganbury,OR,34878,umorse@patterson.com,"May 15, 2016",07/07/2023,1943.6, $295.93,Electric,Inactive,Warren-Foster,183.23.30.73,Safari,EN-us
228,Jennifer Henry,7148846868,8137 Lara Heights Apt. 662,East Jaredfort,NC,36370-806,raymond65@watson-mitchell.com,27-Feb-2018,19-May-2023,681.7, $149.12,Electric,Active,,152.12.167.185,Edge,es
214,Matthew Smith,+1 214 551 2823,9931 Ronald Valleys,Nguyenshire,DC,37770,lori17@jackson.com,14-Apr-2017,09/16/2025,784.4,$318.88,Water,Active,,163.105.101.200,Chrome,es-ES
40,Ms. Rebecca Rodriguez,654-370-5906,26811 WEST LAKE APT. 783,Lake Kristahaven,NH,59131,alexistyler@chapman.com,10/31/2019,"May 15, 2024",381.5,263.35,Electric,Active,,199.31.36.129,chrome,en-GB
22,Kylie Williams,(592) 910.3503,65726 Jessica Run Suite 987,Grahamshire,MD,64496,casey50@yahoo.com,09/13/2015,"May 10, 2025",1894.8, $409.08,Electric,Inactive,,18.197.241.68,Edge,fr-FR
99,Robert  Garcia,(801) 347.7525,275 Courtney Drive,Jensenmouth,IL,61007,derrick22@gmail.com,05-Aug-2022,02/25/2025,1026.5,$359.91,Gas,Active,,5.30.191.53,safari,en-US
67,Lauren Robles,+1 391 708 9151,30913 Scott Manor Apt. 636,Salaston,DC,65640-180,pbaker@lane.com,10/30/2019,24-Aug-2024,1338.8,64.12 USD,Gas,Active,,218.102.206.71,Safari,es
52,Nicole Bowers,+1 547 559 1100,4688 Burch Viaduct Apt. 924,Lake Timothystad,CT,92991-131,kylestokes@mckee-lee.org,01/11/2016,"February 09, 2025",771.6,215.07,Water,Active,,192.103.250.184,IE,en-US
134,Dennis Edwards,565.428.3872,89002 Christian Ways Apt. 175,West Tara,NY,10235,april91@stanley-wright.com,"November 15, 2022",03/08/2023,480.7, $279.03,Water,Active,,56.59.153.46,Firefox,es
24,Katherine Mcguire,+1 979 588 5558,7444 David Fields Suite 182,East Joanna,VA,12540-867,jeffrey34@perkins.biz,2021-01-18,12/17/2024,1520.8,$299.56,Electric,Active,"Bray, Warren and Campbell",25.122.217.220,Safari,en-GB
242,Jonathan  Hubbard,2834518883,1834 Williams Ports,Ballardland,OR,55029-647,christinacox@yahoo.com,"February 14, 2015","July 18, 2025",871.0,266.81 USD,Gas,Active,Vargas LLC,62.106.204.6,IE,es
131,Richard Jimenez,683-742-6856,3001 Mary Skyway Suite 218,Lake Jenniferview,IN,96096,marie35@ortiz.com,14-Sep-2017,2025-12-28,1172.6,348.54,Gas,Active,,172.203.200.28,safari,en-GB
222,Gabriela Randolph,8197110078,5281 Devon Isle,New Daniel,WA,81618,rodriguezmichael@hotmail.com,"July 08, 2016",26-Apr-2025,934.7,213.88,Water,Inactive,,192.141.109.67,Chrome,es-ES
113,Sylvia Schroeder,895.297.3221,4522 Conner Oval,Grantside,RI,95969,brookssheri@yahoo.com,06/03/2016,05/26/2024,1534.9,325.9,Water,Active,Walker-Chapman,100.203.101.123,chrome,es-ES
166,Clinton Johnson,(501) 659.3906,006 Dalton River Apt. 164,East Joan,SC,25643,shelby13@sanders.com,2019-03-26,27-May-2025,363.8,259.34,Gas,Active,,74.235.61.196,Safari,en-US
139,Marcus Roberts,354-970-2584,158 Aguilar Shores Suite 846,New Danielfurt,AR,87296,tinasantos@gmail.com,2017-07-20,"March 03, 2025",1166.8,$435,Electric,Active,"Brown, Adams and Floyd",180.175.138.151,safari,es
239,ernest bennett,+1 312 488 1510,6246 Gallagher Port,Kellerside,NJ,60173,johnsonangela@yahoo.com,"July 22, 2019",06/10/2025,321.2,$305,Water,Active,,181.0.127.214,safari,fr-FR
161,Brian Mora,4590749409,9579 Henry Track Suite 639,North Alicia,NJ,16094,duranamber@gmail.com,2022-02-06,"July 11, 2025",312.5, $303.14,Gas,Active,,219.28.253.191,IE,fr-FR
217,Shari Hatfield,3194269176,772 Elizabeth Cape,Lake Michaelborough,KS,99983,qtownsend@hill.com,"July 20, 2017",05/07/2024,1824.0,203.38 USD,Gas,Active,Jensen-Wu,131.91.114.208,chrome,en-GB
54,Aaron Miller,207-709-8055,43410 Robert Underpass Suite 117,Lake Zacharybury,FL,97562,marydunn@hotmail.com,2018-12-21,2025-03-24,1846.3,$208,Gas,Active,,150.148.137.185,chrome,es
59,Amanda Hernandez,3738920648,5431 Jill Parks Suite 814,Janeborough,LA,53054,nathan19@gmail.com,2016-06-07,17-May-2025,401.5,27.84 USD,Electric,Active,,197.246.253.47,Safari,en-GB
178,Kayla Duncan,729-457-7165,4196 Jessica Stream,Lauraburgh,UT,55224,johnsonmichael@baker.com,"June 17, 2020",01/14/2023,200.3,209.16,Water,Active,"Johnston, Velez and Larson",152.107.64.98,Safari,es-ES
230,Sandra Kennedy,(487) 231.6556,14719 Perkins Port,Oneillfort,DE,61061,swhite@hotmail.com,2017-02-06,23-Sep-2024,857.0,325.23 USD,Gas,Inactive,,176.143.186.176,safari,es-ES
82,Joseph  Hill,897-989-3252,18233 Ochoa Grove Apt. 564,Millerfurt,OK,72350,shawheidi@yahoo.com,05/09/2020,11-Aug-2024,1820.5,$142.73,Electric,Active,Branch and Sons,178.148.105.239,chrome,es
184,Thomas Torres,+1 791 552 7522,4384 Connie Wells Suite 084,East Matthew,TN,68536,bgarner@yahoo.com,11/04/2022,07/25/2023,1611.7,238.59 USD,Water,Active,,88.118.20.217,Safari,fr-FR
111,francis robinson,+1 233 481 4683,13348 Kathryn Forges,Kellyburgh,IA,74921,stokesthomas@yahoo.com,2021-03-01,22-Aug-2023,1107.0,353.3 USD,Electric,Inactive,,219.123.38.193,Safari,fr-FR
272,Stephanie Harrington,(229) 322.5541,725 Lauren Shores Suite 636,Ambermouth,KY,72978,kathleenwagner@yahoo.com,"May 05, 2021","June 12, 2024",777.7,$438.93,Water,Active,,213.76.183.92,Safari,EN-us
255,Duane Conley,(411) 346.5439,1371 Johnson Springs,South Nathanielville,MD,14931,brandybonilla@hotmail.com,09/08/2021,2025-10-20,728.3,289.69 USD,Electric,Active,Johnson Group,201.208.243.237,IE,en-US
115,Derek Wright,+1 898 980 1793,7658 Garcia Neck Apt. 642,East Shannon,AZ,30707,jonathan10@cruz.biz,"December 13, 2019","January 02, 2023",1770.2,107.0,Gas,Active,,144.182.80.251,Firefox,en-US
209,brent  garcia,730-338-5945,91093 Jean Crest Apt. 228,Port Cassandrafurt,WV,46170,jeffrey44@gmail.com,03/17/2021,2023-07-13,319.9,217.96,Gas,Inactive,"Knight, Coffey and Kemp",217.109.27.41,Firefox,es-ES
167,Matthew Dalton,877.508.9037,82997 Mills Route Suite 578,Port Christopher,MN,,imcdonald@yahoo.com,08-Dec-2022,12/12/2025,182.9, $431.5,Water,Active,,147.109.189.29,Edge,en-US
142,Kenneth Howard DDS,1524979220,8861 Walker Forest,Markport,WV,45203,susanmeyer@hotmail.com,2019-03-06,22-Nov-2024,1723.6,$154,Water,Active,,204.18.7.172,Safari,es-ES
295,Cristian Pruitt,(808) 902.7722,58025 Myers Creek Apt. 867,South Stephanieborough,IL,44167,jamie48@gmail.com,11-Dec-2016,07/31/2024,404.7,56.29 USD,Gas,Delinquent,,158.98.203.192,Safari,en-US
262,James Palmer,+1 953 256 9433,146 Wilson Road Suite 760,West Jessica,MI,57918,jenniferrice@yahoo.com,2020-03-21,18-Jan-2025,1424.5, $95.36,Water,Active,Hall-Robinson,222.253.175.27,Firefox,en-GB
53,Phillip Nelson,478-653-7947,8536 Nicholas Burgs,Sarahmouth,FL,24918,odavis at wilkerson-arias.biz,"November 14, 2018",16-Aug-2023,998.9, $311.63,Water,Active,Johnson Group,193.240.47.51,IE,en-US
173,Mr. Edward Terry,255.969.9992,82744 Gibson Trail,Grosstown,MN,22871-302,amymorris@hill-guerra.net,"July 06, 2021",08-Nov-2024,245.1,75.13,Water,Active,"Allen, Le and Barrett",193.97.54.145,Edge,fr-FR
269,Dustin Glover,724-603-4185,1266 Christopher Manors Apt. 737,West Ericafurt,OH,97394-469,pstone@murphy.com,06/17/2019,25-May-2025,605.1,$186.03,Gas,Active,,195.14.5.185,IE,en-US
186,Pamela Beard,568-444-1004,31220 Obrien Ridge Apt. 933,West Christopherfort,NY,97773,vturner@hotmail.com,"June 07, 2019",2024-02-15,1842.4,$336.88,Water,Active,,219.247.121.180,IE,es-ES
201,Brent Wallace,324-986-5078,7013 Paige Throughway Apt. 227,Petershire,ID,36106,gjones@hotmail.com,2020-03-02,12/03/2025,1875.6,223.31 USD,Electric,Active,Maldonado LLC,185.190.223.233,IE,EN-us
179,Anthony Wise,+1 937 316 8889,604 Luis Port,West Wayne,FL,63857,hbutler@gmail.com,04/02/2015,03/30/2023,312.7,266.6,Water,Active,,57.36.253.123,Chrome,en-GB
199,Nicole  Owens,910.901.5454,32945 White Shores Suite 577,North Thomasstad,NH,18973,hesssamantha@davis-collins.info,01/17/2017,2024-08-16,932.9, $293.86,Water,Active,Campbell LLC,204.210.206.31,Chrome,en-GB
96,Jaime  Jones,622-340-4791,175 Laura Locks,South Mallory,KY,17923,rrobertson at mayer.com,"December 05, 2021",2025-09-26,852.1, $22.84,Electric,Active,,165.103.113.243,Firefox,en-US
275,Brett Thomas,8182034227,937 Avery Grove,West Stevenchester,NJ,,nicholas10@gmail.com,27-Nov-2018,01/12/2025,1070.1, $371.33,Gas,Active,,115.189.102.160,chrome,en-US
127,Cory Wilson,+1 921 913 1660,9725 Kimberly Oval Suite 250,South Joshuaburgh,WV,,robert22@gmail.com,12/22/2022,"December 29, 2024",557.3,240.79 USD,Electric,Active,,124.90.39.130,Edge,EN-us
95,Laura Patel,(711) 763.6530,0422 Dustin Islands,Port Megan,NM,74303,tiffany44@adams.com,03/02/2020,12/22/2024,1002.2, $80.18,Water,Delinquent,,49.50.169.104,IE,en-US
288,Alex Cameron,384.219.9457,55289 Johns Circles Apt. 223,New Nicholas,MD,71249,deckerderrick@cobb.com,"January 02, 2018",05/03/2023,518.7,176.64,Water,Active,,215.211.89.194,Edge,fr-FR
80,Erica Harris,+1 824 695 4150,48996 Hernandez Isle,South Ashley,NM,49008,owilliams@hotmail.com,03/29/2018,28-Sep-2025,1870.7, $226.32,Water,Active,"Pena, Cohen and Scott",175.246.94.176,chrome,EN-us
203,Joshua Bates,261-564-3521,42201 Douglas Oval Suite 212,Daltonchester,HI,,jacobcruz@yahoo.com,11-Aug-2017,"December 12, 2024",1394.0,$335.27,Gas,Active,,190.102.198.96,Chrome,fr-FR
58,Jeremy West,362.572.7108,658 Stephanie Divide,Johnsonland,WI,16863,yhill@gmail.com,28-Jan-2022,15-May-2023,604.1,$61,Water,Inactive,,220.64.87.220,IE,en-GB
92,Hannah Bruce,(674) 259.7761,286 Carlson Ports Suite 627,New Garrett,DC,,samantha91@anderson.com,21-Sep-2017,21-Feb-2024,1701.9,$298,Electric,Active,,111.55.76.203,Chrome,es-ES
137,Craig Martinez,(821) 644.3573,60917 Barrett Parkways Apt. 708 Apt. 340,New Savannahshire,NY,80795,stephenharrington at hotmail.com,22-Dec-2017,09/01/2024,1165.0,$61,Gas,Active,,43.29.22.0,Edge,en-US
291,Julie Oliver,734-880-9605,4602 Hall Rue Apt. 514,Port Joshuabury,DE,51079,amcdonald@yahoo.com,"September 10, 2018","April 28, 2024",391.6,$113.74,Gas,Active,,102.205.29.44,IE,en-US
145,Laurie Haynes,(785) 998.4511,0728 Derek Lock Suite 245,New Nancyberg,AZ,63674,sarah14@turner.info,2020-10-03,"January 19, 2023",1222.2,411.95,Electric,Active,,57.56.162.112,Firefox,es
149,Lynn Hess,794.835.2166,256 Patricia Radial Suite 278,South Michaeltown,IA,,rebeccaarnold at hotmail.com,"August 20, 2022",21-Dec-2025,317.9,197.64,Electric,Active,,200.143.189.85,Edge,en-GB
341,Mallory Barajas,5275868541,7288 Heather Motorway,Johnsonburgh,MN,28293,jcolon@hotmail.com,2021-08-02,10/22/2023,1973.9, $150.39,Electric,Delinquent,,58.38.211.236,Edge,en-US
132,Anthony Li,228.920.6761,255 Friedman Grove,West Lisaburgh,MO,74517,michael56@wilson.com,29-Jan-2021,"December 26, 2023",503.6,$36.32,Electric,Active,,175.22.91.105,Firefox,EN-us
79,James Jacobs,(232) 786.2800,33173 Randy Garden Suite 467,Kylestad,NM,36724,lopezkathleen@powers.com,"August 08, 2019",05/08/2023,683.8, $243.03,Water,Active,,158.12.33.140,Safari,fr-FR
121,Lee Steele,+1 882 959 3877,4447 Teresa Forks,West Terri,WI,55443,vpreston@young.com,12-Nov-2020,08-Dec-2023,1479.2,74.58 USD,Electric,Inactive,Adams-Butler,222.34.138.219,safari,fr-FR
243,Gregory Jones,373.786.1845,4987 Nicole Road Apt. 973,Adamsside,RI,73538-184,ryan85@gmail.com,2016-06-03,23-Jul-2024,586.7,76.99 USD,Gas,Active,Michael-Barber,55.80.70.177,Safari,EN-us
244,David Francis,(696) 385.9640,4424 Richard Crescent,East Anthony,ME,,ejenkins@hotmail.com,08/17/2016,"October 12, 2025",1338.3,351.26,Water,Active,Washington-Esparza,177.47.34.116,chrome,es-ES
14,Donald Jones,700.457.1832,42940 Candace Key,Samuelhaven,MS,27146-752,darlene68@yahoo.com,12/08/2017,"June 23, 2025",196.7,$261.19,Water,Delinquent,,209.107.157.77,safari,es-ES
94,Ashley Wilson,709.677.2615,34074 Atkins Corners Suite 133,Michellechester,RI,36624,wolfscott@gmail.com,27-Feb-2019,2025-04-27,1495.4,261.89,Electric,Active,,22.159.70.86,IE,es
287,Adriana Smith,611.431.2506,950 James Haven,East Nicole,HI,84242,spencerdouglas at yahoo.com,"December 15, 2020",05/24/2025,1320.5,$169.35,Gas,Active,,163.239.120.57,chrome,EN-us
274,Joseph Flores,+1 298 747 6761,4111 JUSTIN FALLS SUITE 124,Gregoryton,MD,73556,batkins@kim-perry.net,15-Aug-2019,2023-11-30,481.2, $113.69,Electric,Inactive,,67.190.126.64,chrome,EN-us
336,Jennifer Thomas,426.863.2035,910 Eric River Apt. 147,Tuckermouth,KY,11824,reesejason@chavez-moore.com,2017-12-19,20-Jul-2025,1189.9,309.32 USD,Water,Delinquent,Fischer Inc,146.32.181.207,Safari,fr-FR
215,Leslie Rogers,268-597-5445,19620 Miller Avenue,North Jasmine,LA,48337,donald62@wood.org,"April 13, 2022","April 18, 2024",1812.6,$238.67,Gas,Inactive,,191.59.126.128,Safari,en-GB
101,Rebecca Allen,205-515-8286,5269 Diaz Springs,Port Thomas,CA,,allendanielle@gmail.com,"February 06, 2017","July 08, 2025",740.1,$64.42,Electric,Active,,32.225.253.211,safari,fr-FR
36,Jacob Anderson,229-845-4920,842 Sloan Orchard Suite 517,East Karenbury,TX,,julie23@gmail.com,2019-07-30,2024-04-05,1313.0,$218.42,Electric,Active,,201.150.243.9,IE,es
270,Mallory Barajas,5275868541,7288 Heather Motorway,Johnsonburgh,MN,28293,jcolon@hotmail.com,2021-08-02,10/22/2023,1973.9, $150.39,Electric,Delinquent,,58.38.211.236,Edge,en-US
21,Claudia Lyons,936.716.7991,41904 Sanders Stravenue,North Brittany,SC,72216,catherinestuart@hotmail.com,18-Jan-2020,21-May-2024,995.0, $349.3,Electric,Active,Garcia LLC,204.247.235.183,Firefox,en-GB
266,Brenda Patterson,351-561-5659,72081 Matthew Locks Apt. 606,Lake Sandraberg,OK,47387,hcrane@hotmail.com,01/16/2017,11/11/2023,1987.9,$122.3,Water,Active,,9.46.210.98,Safari,en-GB
219,James Ellis,(226) 980.5372,17762 Robinson Hill Apt. 929,North Robert,NM,13418,theresa35@johnson.com,2019-01-11,09/03/2025,964.1, $236.0,Water,Active,,61.157.232.89,Edge,fr-FR
73,Daniel Bernard,545.777.1674,878 KATHLEEN SPRINGS APT. 878,Christianshire,AR,,spencerzhang@yahoo.com,12-Mar-2022,"March 07, 2024",1021.2,$285.79,Water,Active,,196.207.2.47,Firefox,fr-FR
197,Stephen Garcia,478.761.8288,34485 Lambert Groves Apt. 241,New Anitaville,ND,69840,lanelarry@gmail.com,"January 28, 2022",08-Dec-2025,1102.4,$411,Electric,Active,,184.172.117.119,Firefox,en-GB
341,Tracy Webster,5558545314,69375 Mark Rest Apt. 983,Jamesland,NV,56380,hmorgan@mendoza.com,"June 15, 2016","November 30, 2025",1773.1,231.78,Electric,Active,,200.89.121.86,Chrome,en-US
278,Theresa Reid,204.942.2616,502 Chelsea Avenue Apt. 268,Farmerside,WY,87251,john55@gmail.com,"January 28, 2017",08/08/2023,877.0,$379,Water,Active,"Curtis, Ryan and Stafford",211.243.5.65,Firefox,en-US
296,Kenneth Collins,673-403-5289,597 Ford Canyon,West Debbiemouth,UT,44099,ahill@griffin.org,2016-09-03,01/23/2025,77.5,$427.31,Water,Active,,195.144.121.254,Edge,es
146,Theresa Torres,+1 670 458 4575,23943 Howard Union,Port Karenside,SD,23410,robertbrewer@hotmail.com,31-Jan-2015,01-Aug-2024,174.5,$314,Gas,Active,,210.39.213.240,Firefox,es
216,Christine Bowman,(742) 512.6465,279 Courtney Tunnel,Michaeltown,IA,,lallen at hotmail.com,03-Sep-2022,28-Dec-2024,588.0, $121.57,Electric,Active,,70.31.175.41,safari,en-US
265,Shelby Bartlett,498-393-2031,76037 Mitchell Extension Apt. 822,West Nathanchester,SC,63961,jean87@harrell.com,28-Jun-2021,"October 30, 2024",1691.7, $275.14,Gas,Active,,221.126.191.147,safari,es-ES
3,Holly Wood,(991) 496.2307,835 Jeremy Bypass Suite 641,New Nancy,IL,57819,jacqueline19 at jackson.biz,28-Oct-2016,12/28/2024,1237.8,$308.18,Electric,Active,"Porter, Wilkerson and Day",107.242.47.175,Edge,fr-FR
195,Alicia Ray,+1 819 860 7479,8299 Lopez Crescent Suite 504,Millerbury,NV,86928,carl24@gmail.com,"November 03, 2020",04/27/2025,293.8,$99.07,Electric,Active,,147.89.46.216,chrome,es
210,Timothy Fowler,+1 694 377 8999,14066 Ferrell Green Suite 271,Krauseborough,MO,88018,qschwartz@yahoo.com,15-Mar-2022,"March 18, 2023",1847.6,$53.75,Gas,Active,,38.240.134.95,Edge,en-US
51,Gloria Miranda,+1 814 519 6761,592 Moore Falls,Lake Samuel,MN,24184,zoemoore at richard-garcia.net,05-Dec-2018,24-Aug-2023,1698.1,$267,Water,Active,,203.241.183.1,Chrome,EN-us
7,Adrienne Zimmerman,(259) 446.2290,299 Sanchez Mountains,Leeville,NE,,carlosjohnson@jones-young.info,12/21/2020,"September 20, 2023",566.9,427.14,Water,Active,Henderson-Owens,211.38.61.61,IE,es
202,Taylor Robbins,882-423-2850,40580 Jacqueline View Suite 140,South Jacqueline,SC,,aguilarcheryl@hotmail.com,2018-02-04,03/21/2025,1183.1,$23.84,Water,Active,,188.254.56.49,Firefox,en-US
125,Debbie Dawson,(629) 703.1981,520 Bright Green Suite 660,West Jessica,TX,40339-965,edwardcannon@gmail.com,"October 29, 2020","February 01, 2025",1182.5,$439.06,Water,Active,,201.231.39.32,Chrome,EN-us
267,Stephen  Haynes,+1 659 752 3663,673 Terry Valleys,Roweport,AZ,,regina04@hotmail.com,08/07/2020,27-Jul-2025,1952.4, $87.1,Gas,Active,,212.8.60.253,Firefox,EN-us
75,Laura Williams,(535) 791.6123,46226 Haney Light Suite 661,Lake Michelle,HI,50441,weaverbrian@gmail.com,2020-07-30,"July 04, 2023",469.5,237.34,Gas,Active,,212.19.58.48,IE,es
110,Carrie Lewis,(768) 370.9022,14626 Dawn Union Apt. 806,Timothyfort,OK,57059,joshua20@harvey.biz,"February 09, 2015",10/07/2023,1035.6, $370.54,Gas,Active,,216.167.104.191,chrome,fr-FR
63,Jennifer Fowler,3914799481,7102 Perry Mountain Apt. 592,Michellemouth,MI,,dawn47@gmail.com,2015-11-21,06/08/2024,1883.4, $379.03,Water,Active,Anderson-Wood,215.188.81.11,Firefox,en-GB
180,Nicole Johnston,852.219.5644,641 Shaw Trail,Port Dennis,ID,73133,ryanhartman@anderson.info,11/29/2016,04/21/2025,1265.3,361.68,Water,Active,,140.140.228.20,Firefox,fr-FR
148,Margaret Hill,+1 719 507 3785,5478 Gregory Rest Apt. 428,West Jessica,CA,26769-858,erinrivera@yahoo.com,11/25/2017,2024-11-18,1501.2,115.57,Gas,Active,,208.152.158.141,Firefox,es-ES
273,Laura Hogan,(254) 479.6917,837 David Place,North Joshua,IA,79417,schneiderchristopher@hotmail.com,2022-03-02,11/18/2025,1541.1,349.57,Water,Inactive,,193.227.114.11,safari,es-ES
157,Mark Brock,900-944-3140,066 Dawson Ranch,Port Lorifort,AL,18301,bfrost@brown.com,07-Dec-2017,01/26/2023,1062.2,440.5 USD,Water,Active,Jefferson PLC,142.211.178.125,chrome,es
45,Leslie Rose,2250084428,43244 Wilson Parks Apt. 39,Thompsonfurt,VT,80457-238,walkertracey@gmail.com,"May 11, 2019","January 29, 2025",1776.6,272.56,Water,Active,,126.181.85.102,Edge,es-ES
187,James Wells,7717301394,12797 Delacruz Gateway Apt. 180,Sullivanton,WA,,jeremyortiz@schaefer.com,24-Oct-2015,2024-11-27,1758.4,365.27 USD,Water,Active,,188.156.225.243,Edge,EN-us
72,Angie Caldwell,327-730-3507,4990 Valdez Square Apt. 017,Erikhaven,VT,78012,thomasboyle@green.info,2018-03-09,05/28/2024,585.2, $293.07,Water,Active,,185.112.242.179,IE,es
90,Angelica Guerra,303-808-1550,40105 Erica Expressway Apt. 828,West Anita,IN,15798,larry73@webb.info,"July 06, 2019",04/24/2024,323.3,$344.39,Gas,Active,,181.246.225.181,IE,es-ES
196,James Johnson,9157794625,845 Kayla Courts Apt. 307 Apt. 407,Reeveshaven,AL,91015,wallaceangel at stein-moore.com,2016-09-28,09-Mar-2025,914.2,118.62 USD,Electric,Active,,169.139.37.77,Chrome,en-US
259,Brad Gordon,374.791.4763,779 Peterson Well Apt. 321,Monicaville,ND,87539,lwhite@williams-butler.com,"April 23, 2020",2024-07-25,533.3,333.91,Gas,Active,,71.119.168.31,IE,en-GB
85,Erin Walters,211.467.6890,96194 Jennifer Corner Suite 262,Stewartville,AL,,jperez@yahoo.com,06/10/2018,10-Apr-2025,766.7,316.82 USD,Electric,Active,Wallace-Juarez,75.254.58.31,Safari,fr-FR
235,Carolyn Webster,+1 601 387 6412,6638 Rick Trace,Davidville,DC,72303-215,glasssamantha@wells.com,"December 10, 2018",08/02/2025,1228.7,141.37 USD,Electric,Active,,164.156.194.83,chrome,en-US
140,Melissa Phillips,350.323.8357,84066 Frye Spur Suite 800,Jamesmouth,IN,26539,lisa19@stevenson.net,"June 24, 2015","June 10, 2023",1676.5,106.83,Gas,Active,,202.188.72.144,safari,en-US
23,Jerry Christensen,(699) 424.5471,4549 PETERS PATH,North John,NM,62994,anthony52@yahoo.com,"November 07, 2016",2023-09-19,1150.6, $409.98,Electric,Active,,195.231.132.243,safari,fr-FR
11,Gregory Jones,3303901283,841 Joseph Coves,West Juan,VT,51104,justin78@turner.net,2015-08-23,09/03/2025,206.2, $44.46,Electric,Active,Harris-Walters,184.9.47.110,safari,en-GB
159,Debbie Russell,8439368482,769 Carrillo Throughway Suite 779,South Darrenland,SC,64046,gordonmatthew@pratt.net,2015-05-27,06-Jul-2023,453.4, $402.75,Water,Active,,46.183.44.227,safari,en-US
32,Veronica Allen,(445) 377.2229,662 Hanna Crossroad Suite 171,Smithberg,SD,14278,melissajenkins@yahoo.com,06-Aug-2017,"August 02, 2024",1851.6,50.61,Water,Active,,80.246.34.28,Safari,fr-FR
133,Melissa Mendoza,+1 260 222 3420,69797 Cheryl Tunnel,Cherylberg,NM,57826,danielhorton@gmail.com,25-Oct-2015,2025-03-21,316.1,164.72 USD,Electric,Active,,30.26.29.121,chrome,fr-FR
163,Veronica Parks,+1 928 954 4560,26728 Floyd Hills Suite 890,Garciaburgh,IL,98129,linda86@gonzalez-marsh.com,06/27/2016,28-Oct-2025,1146.4,325.45 USD,Water,Active,,134.41.207.101,Edge,es
81,Nicholas Bell,(497) 243.5712,62312 Jeffery Motorway,Brucefort,NM,72793,iwhite@bernard.com,05/26/2017,09-Jul-2024,1494.7, $79.03,Electric,Active,,90.83.94.192,IE,en-GB
55,jason beck,671.906.6928,654 Michael Cliff,Johnville,OR,78676,carlos88@hartman.info,"November 19, 2015",27-Sep-2024,198.9,115.28,Water,Active,,194.136.156.134,safari,es-ES
162,Michael Thompson,(908) 792.3845,5942 Young Mountains,Michaelfort,IL,52184,astewart@craig.org,"August 26, 2020",05/07/2025,1942.5,137.65 USD,Gas,Inactive,Haynes-Watson,139.131.78.24,IE,es
152,Jennifer Rivera,6905430477,02992 Crystal Canyon,North Gabriel,NC,39939,eleonard@garza.biz,07/07/2017,2024-03-08,290.2,273.57,Water,Active,Greene-Elliott,25.18.15.109,chrome,es-ES
123,Dana Burns,+1 454 626 6241,2414 Paul Estates Apt. 333,Denisehaven,WI,16903,susanwells@hotmail.com,01/04/2017,2025-11-22,1760.1,$430.25,Gas,Inactive,,212.59.234.193,Chrome,EN-us
192,Edwin Richardson,3713546516,2145 Warren Square Apt. 901,South Jenniferport,PA,45382-923,changmegan@gmail.com,"August 23, 2017",02/19/2025,972.3,82.71,Electric,Active,,150.165.136.125,safari,es
277,Lisa Delgado,410.801.4277,398 Williams Streets Apt. 416,Port Donaldside,NE,,brownsandra@harper-franco.biz,10-Feb-2018,12/22/2024,521.6, $387.71,Water,Active,,52.95.23.123,safari,en-US
327,Rebecca Allen,942-772-4977,5269 Diaz Springs,Port Thomas,CA,,allendanielle@gmail.com,"February 06, 2017","July 08, 2025",740.1,$64.42,Electric,Active,,32.225.253.211,safari,fr-FR
150,Christopher Fry,(520) 849.1950,3038 Hughes Motorway Apt. 051 Apt. 281,Maryview,ND,30766,ccrosby@juarez.com,2020-06-28,"September 23, 2023",886.6,$292,Gas,Active,"Thompson, Valdez and Diaz",196.79.180.160,Safari,es
223,Paige Flores,293-316-8362,7881 Mckinney Springs Suite 795,East Patriciamouth,CO,77065,eramirez@yahoo.com,11/12/2021,"February 14, 2025",1828.9,38.88,Water,Inactive,,171.39.75.43,Safari,en-GB
25,Christopher Smith,+1 985 577 3749,94777 Lopez Center,Shelleyfort,CA,31465,brandon08@terry-martinez.info,2018-06-28,22-Feb-2023,823.5,$268,Water,Active,,131.110.84.192,safari,es
193,Lisa Crawford,781.248.7527,01071 Lauren Mall Suite 055,North Danielle,LA,92557,nmorton@gmail.com,"January 30, 2016",16-Nov-2024,1137.1, $175.21,Gas,Active,,164.236.162.233,Firefox,es
62,Christopher Donovan,(479) 660.9410,49818 Brittany Prairie Apt. 299,Meganshire,AK,69130,stacey84@king.net,2018-12-02,2025-04-29,509.8,190.48 USD,Electric,Active,Williams Ltd,214.190.241.55,Chrome,es
16,Jeremy Lewis,681-427-4269,34332 Brandon Mountains Apt. 769,Lake Heather,MO,39831,donnacampbell@hotmail.com,2017-07-02,"January 31, 2024",1935.4,$161.15,Gas,Active,,64.90.216.161,chrome,EN-us
106,Joshua Fields,426.656.7129,24103 Haynes Landing Suite 191,Lake Lori,OR,55215,aaron64@harris.biz,"April 11, 2015",03-Aug-2023,276.3,$198.87,Water,Active,,212.46.195.38,Edge,en-GB
26,Robert Avery,779-242-6688,4964 Chelsea Streets Apt. 334,East Johnside,GA,,davidduran@carlson.biz,06-Apr-2022,"January 26, 2023",895.4,$373.6,Gas,Active,,119.132.194.242,chrome,en-GB
74,Brittany Murphy,361-650-7809,707 William Motorway,New Stevenport,AK,51853,frazierjennifer@yahoo.com,"November 15, 2018",25-Sep-2023,672.3,$241.44,Gas,Active,,128.49.103.204,Safari,en-US
43,Maurice Christensen,1722312633,514 Lindsay Vista Apt. 940,West Jacqueline,MA,64460,caroline51@romero.com,12/20/2016,28-Sep-2023,1669.4,248.27 USD,Gas,Delinquent,,137.43.8.76,safari,es-ES
4,Kimberly Burgess,+1 986 994 1916,01226 PAUL RANCH SUITE 848,Lake Jenniferside,KY,37653,icox@hotmail.com,12-May-2021,"March 11, 2024",328.6,$190,Electric,Active,,217.100.90.97,Firefox,es
48,Lori  Hernandez,687-659-6931,7005 Jones Way Apt. 998,Fordside,WA,15683,tramos@vargas-bell.com,22-May-2022,2025-07-27,1702.2,$46,Gas,Active,,121.129.131.177,Edge,en-US
292,Michael Wright,8833084825,44566 Thomas Passage Apt. 633,South Jesus,WY,72288,janicebolton@hotmail.com,15-Feb-2019,2023-02-13,1396.8,$381.83,Water,Active,,195.216.121.138,Firefox,es
30,Olivia Harris,329.480.1745,8086 Jeffrey Ville,South Staceyberg,VT,74340,samuel71@dudley.com,2016-02-25,"August 05, 2024",409.5,225.85 USD,Electric,Active,,184.191.229.144,Chrome,en-US
118,Stephen Wood,803-947-7291,021 Elizabeth Valley Suite 938,Port Paulhaven,ND,94491,bakersteven@gmail.com,12/12/2015,2024-08-06,450.6,384.59 USD,Water,Active,,192.252.199.11,Firefox,es
112,Alyssa Haynes,660-469-6711,39308 Smith Ridges,Port David,HI,41056,marycochran@weaver-thompson.com,09-May-2017,05/26/2025,1636.4,284.95,Electric,Active,,137.116.29.24,IE,EN-us
279,Robert Carey,+1 770 939 1665,75370 Julia Trace,Erinstad,CO,50895,xthompson@hotmail.com,"September 15, 2022","April 07, 2024",418.1,$145,Electric,Inactive,,200.226.116.137,chrome,es-ES
213,Arthur Fernandez MD,6473992719,1387 Joyce Fort,North Jillfort,AK,32184,johnsonbrian@hotmail.com,"December 03, 2018","October 26, 2023",439.4,39.3,Gas,Active,,170.46.230.163,Chrome,en-US
260,Matthew Stevens,9136099794,1220 Daniel Brook Apt. 037,Lake John,SC,22844,nturner at yahoo.com,"January 28, 2020",2024-05-07,1401.7,$260.15,Gas,Delinquent,"Lee, Turner and Ford",135.116.15.179,Firefox,en-GB
206,Sarah Ramirez,857.597.9026,2437 Lauren Wall Apt. 512,Port Tyler,WI,89423,joshua40@rodriguez.com,2015-10-18,"March 03, 2024",962.7,$419.21,Water,Active,,156.43.253.186,Edge,es-ES
2,Daniel Gallagher,(914) 632.6574,1849 Ray Squares,North Donnaport,IN,59797,jamesmichael at munoz-roman.info,01-Feb-2016,05-Dec-2024,1095.6,$367,Gas,Active,,100.244.18.178,chrome,EN-us
323,Kylie Williams,7677909930,65726 Jessica Run Suite 987,Grahamshire,MD,64496,casey50@yahoo.com,09/13/2015,"May 10, 2025",1894.8, $409.08,Electric,Inactive,,18.197.241.68,Edge,fr-FR
8,Nicholas Mcbride,+1 648 729 8397,78108 Tanya Terrace,East Richard,IL,40161,jamesherrera@henderson.info,08/07/2021,2023-01-15,496.4,$324.37,Electric,Inactive,Barrera-Martin,9.15.145.99,Safari,es-ES
138,Betty Hughes,411-374-5781,6547 Devon Rapids,Meganside,MD,,mbarnes@hotmail.com,"June 17, 2019",28-Sep-2025,805.7, $59.19,Gas,Inactive,,203.91.209.225,Edge,en-US
84,Samuel Smith,954-545-5833,685 Campos Dam,New Juliestad,CT,63148,karenmarquez@hickman-evans.org,18-Oct-2019,"June 27, 2023",1964.3,307.78,Gas,Active,Hall-Jones,195.150.57.82,Firefox,fr-FR
237,William Morgan,3430750834,994 Kelly Shores Suite 784,Port Shawn,KS,,hallroger@yahoo.com,"September 08, 2021","November 01, 2024",226.5,$297.35,Electric,Inactive,,136.157.108.120,chrome,en-US
212,Joseph Frey,761-608-5301,74328 Tammy Shore Apt. 461,Tommouth,ID,27677,richard15@hotmail.com,05/23/2020,"September 26, 2025",1144.3,300.47,Water,Active,Johnson Inc,198.7.161.171,Firefox,fr-FR
66,Christina Hicks,1415081566,9526 Wheeler Parkways,Ericksonport,AK,50642,williamsjennifer@stone-hernandez.net,"October 12, 2020",27-Aug-2025,607.9,35.75,Electric,Inactive,,135.3.194.247,Chrome,es-ES
49,John Hernandez,848.799.9984,892 Watson Haven Suite 659,Port Crystalmouth,MA,76263,vgarcia@miller.info,"October 15, 2021",2023-07-23,1455.6, $386.7,Electric,Active,,56.189.119.202,Edge,es-ES
153,Claire Obrien,869-220-1790,298 Jackson Spur,Sandrashire,IN,72180,ajackson at hotmail.com,11/14/2022,2024-02-25,1341.8,$149.48,Gas,Active,,134.242.208.19,Edge,en-US
248,Tabitha Turner,5926093073,77656 Madison Square Suite 815,Guzmanside,MD,31229,jason27@stewart.com,31-Oct-2015,"May 08, 2023",553.6,$187.09,Gas,Active,Neal-Gill,201.198.11.243,Safari,EN-us
250,James Bennett,8568213353,2069 Burke Drive,West Georgeshire,AL,39602-103,vaughansandra@salazar.info,"April 24, 2019",06-Sep-2023,831.2,163.38 USD,Water,Delinquent,,207.161.49.150,Firefox,EN-us
271,Jacob Roberts,(404) 390.7254,604 Lewis Viaduct,Smithside,CA,86704,watsonvickie@carter-johnson.com,"May 29, 2018",08/07/2025,350.3,$31.54,Gas,Delinquent,,116.244.137.244,Edge,en-US
175,Mitchell Smith,(751) 401.5312,0948 Jessica Village Suite 138,North Jessicaside,ID,76476,fhebert@owen-brown.net,2022-01-31,04/09/2025,558.2, $409.71,Water,Active,,47.235.187.192,Firefox,fr-FR
276,Alicia Spencer,(414) 333.2287,832 Fernandez Extension,New Stephanie,OH,,kathrynpearson@torres.info,"March 19, 2015",2025-06-02,1596.5,$104.43,Water,Active,,157.188.219.241,Firefox,en-US
233,Brenda Ramos,773.726.2677,23423 Tina Manors,North Andrewfort,NE,47128,jenniferjohnson@gmail.com,06/09/2021,2023-12-17,1104.1,153.89 USD,Electric,Active,,66.25.70.155,chrome,en-US
69,Kimberly Huang,787-340-9674,157 Burgess Forest Apt. 848,Derrickshire,IA,13396,stephanie24@gmail.com,"February 01, 2017","November 26, 2025",560.5,$412.82,Gas,Active,Santiago PLC,35.92.3.169,IE,es-ES
126,Megan Romero,+1 522 602 6345,135 Julie Inlet Suite 554,Stevenville,AR,,kellyruiz@green.com,04/10/2017,08/12/2023,958.8,$65,Gas,Active,,204.145.217.142,safari,en-GB
141,Kimberly Morrison,669.212.9561,4842 Brandy Glens,West Stevenberg,FL,,shane12@moss.biz,2021-05-09,2023-08-05,1766.3, $357.87,Gas,Active,,185.163.15.110,IE,EN-us
130,Dawn Nichols,289-486-7275,1847 Jamie Spur Apt. 461,Cindyberg,CT,92674,stanleydesiree@williams.biz,2021-02-04,22-Feb-2025,720.9,$226,Water,Active,,202.60.71.180,Safari,en-US
200,Miguel Rodriguez,+1 328 932 8183,1539 Mueller Mews Suite 832,Lake Sarahshire,NM,54815,amanda69@allen-sanchez.com,18-Sep-2019,17-Oct-2025,694.0,$219.38,Electric,Active,,61.160.74.181,Chrome,EN-us
251,Kathleen Walker,+1 863 407 3893,93436 Ricky Drive Apt. 443,Solomonstad,TX,61131,sophiali@roberts-snyder.com,13-Mar-2016,2025-09-23,1483.9,$401,Electric,Active,"Ellis, Smith and Anderson",173.203.140.74,IE,en-GB
70,Gary Kennedy,662-376-8292,5401 Amanda Stream,East Robertburgh,AZ,97535,oconnelltiffany@russell.info,2018-11-24,17-Aug-2024,1597.7,386.09,Water,Active,,162.251.33.230,safari,en-GB
231,Carla Brown,(294) 654.9290,45650 Carter Route Apt. 495,New Jamesburgh,CT,73369,ijohns@yahoo.com,14-Nov-2020,11/01/2024,1653.2,$350.88,Water,Active,"Goodwin, Stephens and Brennan",195.21.249.87,chrome,en-US
37,Regina Diaz,348.592.4122,651 Thomas River Suite 931,Blankenshipport,MT,46208,bakerdavid@yahoo.com,27-Aug-2019,05-Nov-2025,1465.8,372.84 USD,Water,Active,,66.97.174.250,safari,en-GB
,,,,,,,,,,,,,,,,,
,,,,,,,,,,,,,,,,,
,,,,,,,,,,,,,,,,,
